{"response_code":0,"results":[{"category":"Entertainment: Musicals & Theatres","type":"multiple","difficulty":"medium","question":"When was the play &quot;Macbeth&quot; written?","correct_answer":"1606","incorrect_answers":["1605","1723","1628"]},{"category":"Entertainment: Musicals & Theatres","type":"multiple","difficulty":"medium","question":"In which Shakespeare play does the character Marcellus say, &quot;Something is rotten in the state of Denmark&quot;?","correct_answer":"Hamlet","incorrect_answers":["Macbeth","King Lear","Twelfth Night"]},{"category":"Entertainment: Musicals & Theatres","type":"multiple","difficulty":"medium","question":"Which of these musicals won the Tony Award for Best Musical?","correct_answer":"Rent","incorrect_answers":["The Color Purple","American Idiot","Newsies"]},{"category":"Entertainment: Musicals & Theatres","type":"multiple","difficulty":"medium","question":"In which Shakespearean play will you find the suicide of Ophelia?","correct_answer":"Hamlet","incorrect_answers":["Macbeth","Othello","King Lear"]},{"category":"Entertainment: Musicals & Theatres","type":"multiple","difficulty":"medium","question":"Who is the musical director for the award winning musical &quot;Hamilton&quot;?","correct_answer":"Alex Lacamoire","incorrect_answers":["Lin-Manuel Miranda","Renee Elise-Goldberry","Leslie Odom Jr."]},{"category":"Entertainment: Musicals & Theatres","type":"multiple","difficulty":"medium","question":"What was George Bizet&#039;s last opera?","correct_answer":"Carmen","incorrect_answers":["Don Rodrigue","Gris&eacute;lidis","Les p&ecirc;cheurs de perles"]},{"category":"Entertainment: Musicals & Theatres","type":"multiple","difficulty":"medium","question":"In Jeff Wayne&#039;s Musical Version of War of the Worlds, the chances of anything coming from Mars are...","correct_answer":"A million to one","incorrect_answers":["A billion to one","A trillion to one","A hundred to one"]},{"category":"Entertainment: Musicals & Theatres","type":"multiple","difficulty":"medium","question":"What play is the quote &quot;Hell is other people&quot; from?","correct_answer":"No Exit","incorrect_answers":["The Devil and the Good Lord","The Condemned of Altona","The Flies"]},{"category":"Entertainment: Musicals & Theatres","type":"multiple","difficulty":"medium","question":"Which of the following is not a piece from the 1950&#039;s musical West Side Story?","correct_answer":"The Back Alley","incorrect_answers":["Maria","Tonight","Mambo"]},{"category":"Entertainment: Musicals & Theatres","type":"multiple","difficulty":"medium","question":"The musical &quot;Dirty Rotten Scoundrels&quot; is set in what country?","correct_answer":"France","incorrect_answers":["USA","Germany","Sweden"]},{"category":"Entertainment: Musicals & Theatres","type":"multiple","difficulty":"medium","question":"The World Chess Championship in Chess, Act 1 is set in which Italian city?","correct_answer":"Merano","incorrect_answers":["Venice","Milan","Rome"]},{"category":"Entertainment: Musicals & Theatres","type":"multiple","difficulty":"medium","question":"Who played Marquis de Lafayette and Thomas Jefferson in the original Broadway run of Hamilton?","correct_answer":"Daveed Diggs","incorrect_answers":["Lin-Manuel Miranda","Javier Mu&ntilde;oz","Wayne Brady"]},{"category":"Entertainment: Musicals & Theatres","type":"multiple","difficulty":"medium","question":"The Andrew Lloyd Webber musical &quot;Cats&quot; is based off a book of poems written by which author?","correct_answer":"T.S. Elliot","incorrect_answers":["Andrew Lloyd Webber","Emily Dickenson","Robert Frost"]}]}