{"response_code":0,"results":[{"category":"Entertainment: Musicals & Theatres","type":"multiple","difficulty":"hard","question":"What is the name of Broadway&#039;s first &quot;long-run&quot; musical?","correct_answer":"The Elves","incorrect_answers":["Wicked","Hamilton","The Book of Mormon"]},{"category":"Entertainment: Musicals & Theatres","type":"multiple","difficulty":"hard","question":"In Les Mis&eacute;rables, who is Prison Code 24601?","correct_answer":"Jean Valjean","incorrect_answers":["Marius Pontmercy","Javert","Jean Claude Van Damme"]},{"category":"Entertainment: Musicals & Theatres","type":"multiple","difficulty":"hard","question":"Who wrote the lyrics for Leonard Bernstein&#039;s 1957 Brodway musical West Side Story?","correct_answer":"Stephen Sondheim","incorrect_answers":["Himself","Oscar Hammerstein","Richard Rodgers"]},{"category":"Entertainment: Musicals & Theatres","type":"multiple","difficulty":"hard","question":"In Macbeth, the eyes of what animals were used in the Witches&#039; cauldron?","correct_answer":"Newts","incorrect_answers":["Humans","Sharks","Squids"]},{"category":"Entertainment: Musicals & Theatres","type":"multiple","difficulty":"hard","question":"Who serves as the speaker of the prologue in Shakespeare&#039;s Romeo and Juliet?","correct_answer":"Chorus","incorrect_answers":["Montague","Refrain","Capulet"]},{"category":"Entertainment: Musicals & Theatres","type":"multiple","difficulty":"hard","question":"After England, more Shakespeare plays are set in this present day country than in any other.","correct_answer":"Italy","incorrect_answers":["United States","Greece","France"]},{"category":"Entertainment: Musicals & Theatres","type":"multiple","difficulty":"hard","question":"Who played &quot;Charlie Price&quot; in the musical &quot;Kinky Boots&quot; on Broadway in New York from May 26th - Aug 6th 2017?","correct_answer":"Brendon Urie","incorrect_answers":["Ed Sheeren","Tom Cruise","Dallon Weekes"]},{"category":"Entertainment: Musicals & Theatres","type":"multiple","difficulty":"hard","question":"Which Shakespeare play features the stage direction &quot;Enter a messenger, with two heads and a hand&quot;?","correct_answer":"Titus Andronicus","incorrect_answers":["Othello","Macbeth","King Lear"]},{"category":"Entertainment: Musicals & Theatres","type":"multiple","difficulty":"hard","question":"Which of these plays was famously first performed posthumously after the playwright committed suicide?","correct_answer":"4.48 Psychosis","incorrect_answers":["Hamilton","Much Ado About Nothing","The Birthday Party"]},{"category":"Entertainment: Musicals & Theatres","type":"boolean","difficulty":"hard","question":"The protagonist&#039;s names in &#039;Who&#039;s Afraid of Virginia Woolf&#039;, George and Martha, were derived from George Washington and his wife.","correct_answer":"True","incorrect_answers":["False"]}]}