{"response_code":0,"results":[{"category":"Entertainment: Musicals & Theatres","type":"multiple","difficulty":"easy","question":"Which Shakespeare play inspired the musical &#039;West Side Story&#039;?","correct_answer":"Romeo &amp; Juliet","incorrect_answers":["Hamlet","Macbeth","Othello"]},{"category":"Entertainment: Musicals & Theatres","type":"boolean","difficulty":"easy","question":"In the play Oedipus Rex, Oedipus kills his father due to jealousy in loving his mother.","correct_answer":"False","incorrect_answers":["True"]},{"category":"Entertainment: Musicals & Theatres","type":"multiple","difficulty":"easy","question":"Who wrote the award winning musical &quot;In The Heights&quot;?","correct_answer":"Lin-Manuel Miranda","incorrect_answers":["Steven Sondheim","Francis Scott Key","John Phillips Sousa"]},{"category":"Entertainment: Musicals & Theatres","type":"multiple","difficulty":"easy","question":"In Shakespeare&#039;s play Julius Caesar, Caesar&#039;s last words were...","correct_answer":"Et tu, Brute? ","incorrect_answers":["Iacta alea est!","Vidi, vini, vici.","Aegri somnia vana."]},{"category":"Entertainment: Musicals & Theatres","type":"multiple","difficulty":"easy","question":"How many plays is Shakespeare generally considered to have written?","correct_answer":"37","incorrect_answers":["18","54","25"]},{"category":"Entertainment: Musicals & Theatres","type":"multiple","difficulty":"easy","question":"&quot;Doctor Who&quot; star David Tennant performed in a rendition of which Shakespearean play?","correct_answer":"Hamlet","incorrect_answers":["The Tempest","Othello","The Taming of the Shrew"]},{"category":"Entertainment: Musicals & Theatres","type":"multiple","difficulty":"easy","question":"What is Jean ValJean&#039;s first prisoner number?","correct_answer":"24601","incorrect_answers":["9430","1729","32769"]},{"category":"Entertainment: Musicals & Theatres","type":"multiple","difficulty":"easy","question":"Who wrote the play &#039;Angels in America&#039;?","correct_answer":"Tony Kusher","incorrect_answers":["Tom Stoppard","Matthew Lopez","Anthony Neilson"]}]}