{"response_code":0,"results":[{"category":"Animals","type":"multiple","difficulty":"medium","question":"What does &quot;hippopotamus&quot; mean and in what langauge?","correct_answer":"River Horse (Greek)","incorrect_answers":["River Horse (Latin)","Fat Pig (Greek)","Fat Pig (Latin)"]},{"category":"Animals","type":"multiple","difficulty":"medium","question":"A carnivorous animal eats flesh, what does a nucivorous animal eat?","correct_answer":"Nuts","incorrect_answers":["Nothing","Fruit","Seaweed"]},{"category":"Animals","type":"multiple","difficulty":"medium","question":"What type of animal is a natterjack?","correct_answer":"Toad","incorrect_answers":["Bird","Fish","Insect"]},{"category":"Animals","type":"boolean","difficulty":"medium","question":"The Ceratosaurus, a dinosaur known for having a horn on the top of its nose, is also known to be a decendent of the Tyrannosaurus Rex.","correct_answer":"False","incorrect_answers":["True"]},{"category":"Animals","type":"boolean","difficulty":"medium","question":"An octopus can fit through any hole larger than its beak.","correct_answer":"True","incorrect_answers":["False"]},{"category":"Animals","type":"multiple","difficulty":"medium","question":"What color\/colour is a polar bear's skin?","correct_answer":"Black","incorrect_answers":["White","Pink","Green"]},{"category":"Animals","type":"multiple","difficulty":"medium","question":"Cashmere is the wool from which kind of animal?","correct_answer":"Goat","incorrect_answers":["Sheep","Camel","Llama"]},{"category":"Animals","type":"boolean","difficulty":"medium","question":"&quot;Kamea,&quot; the Gilbertese Islander word for dog, is derived from the English phrase &quot;Come here!&quot;","correct_answer":"True","incorrect_answers":["False"]},{"category":"Animals","type":"multiple","difficulty":"medium","question":"What is the scientific name for the &quot;Polar Bear&quot;?","correct_answer":"Ursus Maritimus","incorrect_answers":["Polar Bear","Ursus Spelaeus","Ursus Arctos"]},{"category":"Animals","type":"multiple","difficulty":"medium","question":"What are rhino's horn made of?","correct_answer":"Keratin","incorrect_answers":["Bone","Ivory","Skin"]},{"category":"Animals","type":"multiple","difficulty":"medium","question":"For what reason would a spotted hyena &quot;laugh&quot;?","correct_answer":"Nervousness","incorrect_answers":["Excitement","Aggression","Exhaustion"]},{"category":"Animals","type":"multiple","difficulty":"medium","question":"Which animal was part of an Russian domestication experiment in 1959?","correct_answer":"Foxes","incorrect_answers":["Pigeons","Bears","Alligators"]},{"category":"Animals","type":"multiple","difficulty":"medium","question":"The now extinct species &quot;Thylacine&quot; was native to where?","correct_answer":"Tasmania, Australia","incorrect_answers":["Baluchistan, Pakistan","Wallachia, Romania","Oregon, United States"]},{"category":"Animals","type":"boolean","difficulty":"medium","question":"The average lifespan of a wildcat is only around 5-6 years. ","correct_answer":"False","incorrect_answers":["True"]},{"category":"Animals","type":"boolean","difficulty":"medium","question":"The Platypus is a mammal.","correct_answer":"True","incorrect_answers":["False"]},{"category":"Animals","type":"multiple","difficulty":"medium","question":"Which of these species is not extinct?","correct_answer":"Komodo dragon","incorrect_answers":["Japanese sea lion","Tasmanian tiger","Saudi gazelle"]},{"category":"Animals","type":"multiple","difficulty":"medium","question":"What is the name of the family that the domestic cat is a member of?","correct_answer":"Felidae","incorrect_answers":["Felinae","Felis","Cat"]},{"category":"Animals","type":"multiple","difficulty":"medium","question":"What dog bread is one of the oldest breeds of dog and has flourished since before 400 BCE.","correct_answer":"Pugs","incorrect_answers":["Bulldogs","Boxers","Chihuahua"]},{"category":"Animals","type":"multiple","difficulty":"medium","question":"What is the fastest animal?","correct_answer":"Peregrine Falcon","incorrect_answers":["Golden Eagle","Cheetah","Horsefly"]},{"category":"Animals","type":"multiple","difficulty":"medium","question":"The dish Fugu, is made from what family of fish?","correct_answer":"Pufferfish","incorrect_answers":["Bass","Salmon","Mackerel"]},{"category":"Animals","type":"boolean","difficulty":"medium","question":"Finnish Lapphund dogs were used for herding reindeer.","correct_answer":"True","incorrect_answers":["False"]},{"category":"Animals","type":"multiple","difficulty":"medium","question":"What is the scientific name of the Common Chimpanzee?","correct_answer":"Pan troglodytes","incorrect_answers":["Gorilla gorilla","Pan paniscus","Panthera leo"]},{"category":"Animals","type":"boolean","difficulty":"medium","question":"Tigers have one colour of skin despite the stripey fur.","correct_answer":"False","incorrect_answers":["True"]},{"category":"Animals","type":"boolean","difficulty":"medium","question":"You can tell the age of a ladybird by counting the spots on his back.","correct_answer":"False","incorrect_answers":["True"]},{"category":"Animals","type":"multiple","difficulty":"medium","question":"What is the common term for bovine spongiform encephalopathy (BSE)?","correct_answer":"Mad Cow disease","incorrect_answers":["Weil's disease","Milk fever","Foot-and-mouth disease"]},{"category":"Animals","type":"multiple","difficulty":"medium","question":"What is the name for a male bee that comes from an unfertilized egg?","correct_answer":"Drone","incorrect_answers":["Soldier","Worker","Male"]},{"category":"Animals","type":"multiple","difficulty":"medium","question":"What is the collective noun for bears?","correct_answer":"Sloth","incorrect_answers":["Drove","Tribe","Husk"]},{"category":"Animals","type":"multiple","difficulty":"medium","question":"What is the collective noun for rats?","correct_answer":"Mischief","incorrect_answers":["Pack","Race","Drift"]},{"category":"Animals","type":"multiple","difficulty":"medium","question":"&quot;Decapods&quot; are an order of ten-footed crustaceans.  Which of these are NOT decapods?","correct_answer":"Krill","incorrect_answers":["Lobsters","Shrimp","Crabs"]},{"category":"Animals","type":"multiple","difficulty":"medium","question":"What is the world's longest venomous snake?","correct_answer":"King Cobra","incorrect_answers":["Green Anaconda","Inland Taipan","Yellow Bellied Sea Snake"]}]}