{"response_code":0,"results":[{"category":"Animals","type":"multiple","difficulty":"hard","question":"What was the name of the Ethiopian Wolf before they knew it was related to wolves?","correct_answer":"Simien Jackel","incorrect_answers":["Ethiopian Coyote","Amharic Fox","Canis Simiensis"]},{"category":"Animals","type":"multiple","difficulty":"hard","question":"Which species of Brown Bear is not extinct?","correct_answer":"Syrian Brown Bear","incorrect_answers":["California Grizzly Bear","Atlas Bear","Mexican Grizzly Bear"]},{"category":"Animals","type":"multiple","difficulty":"hard","question":"What scientific suborder does the family Hyaenidae belong to?","correct_answer":"Feliformia","incorrect_answers":["Haplorhini","Caniformia","Ciconiiformes"]},{"category":"Animals","type":"multiple","difficulty":"hard","question":"How many known living species of hyenas are there?","correct_answer":"4","incorrect_answers":["8","2","6"]},{"category":"Animals","type":"multiple","difficulty":"hard","question":"What scientific family does the Aardwolf belong to?","correct_answer":"Hyaenidae","incorrect_answers":["Canidae","Felidae","Eupleridae"]},{"category":"Animals","type":"multiple","difficulty":"hard","question":"What is the scientific name of the cheetah?","correct_answer":"Acinonyx jubatus","incorrect_answers":["Panthera onca","Lynx rufus","Felis catus"]},{"category":"Animals","type":"multiple","difficulty":"hard","question":"What is the scientific name of the Budgerigar?","correct_answer":"Melopsittacus undulatus","incorrect_answers":["Nymphicus hollandicus","Pyrrhura molinae","Ara macao"]},{"category":"Animals","type":"multiple","difficulty":"hard","question":"What is the Gray Wolf's scientific name?","correct_answer":"Canis Lupus","incorrect_answers":["Canis Aureus","Canis Latrans","Canis Lupus Lycaon"]},{"category":"Animals","type":"multiple","difficulty":"hard","question":"Which of these animals is NOT a lizard?","correct_answer":"Tuatara","incorrect_answers":["Komodo Dragon","Gila Monster","Green Iguana"]},{"category":"Animals","type":"multiple","difficulty":"hard","question":"What type of creature is a Bonobo?","correct_answer":"Ape","incorrect_answers":["Lion","Parrot","Wildcat"]},{"category":"Animals","type":"multiple","difficulty":"hard","question":"Unlike on most salamanders, this part of a newt is flat?","correct_answer":"Tail","incorrect_answers":["Head","Teeth","Feet"]},{"category":"Animals","type":"multiple","difficulty":"hard","question":"What is the name of the copper-rich protein that creates the blue blood in the Antarctic octopus?","correct_answer":"Hemocyanin","incorrect_answers":["Cytochrome","Iron","Methionine"]},{"category":"Animals","type":"multiple","difficulty":"hard","question":"Which species is a &quot;mountain chicken&quot;?","correct_answer":"Frog","incorrect_answers":["Chicken","Horse","Fly"]},{"category":"Animals","type":"multiple","difficulty":"hard","question":"Which of the following is another name for the &quot;Poecilotheria Metallica Tarantula&quot;?","correct_answer":"Gooty","incorrect_answers":["Hopper","Silver Stripe","Woebegone"]},{"category":"Animals","type":"multiple","difficulty":"hard","question":"Which of these is a colony of polyps and not a jellyfish?","correct_answer":"Portuguese Man-of-War","incorrect_answers":["Sea Wasp","Irukandji","Sea Nettle"]},{"category":"Animals","type":"multiple","difficulty":"hard","question":"What is the collective noun for vultures?","correct_answer":"Wake","incorrect_answers":["Ambush","Building","Gaze"]},{"category":"Animals","type":"multiple","difficulty":"hard","question":"What bird is born with claws on its wing digits?","correct_answer":"Hoatzin","incorrect_answers":["Cormorant","Cassowary","Secretary bird"]},{"category":"Animals","type":"multiple","difficulty":"hard","question":"To which biological phylum do all mammals, birds and reptiles belong?","correct_answer":"Chordata","incorrect_answers":["Echinodermata","Annelida","Placazoa"]}]}