[
    {
        "category":"Animals","type":"boolean","difficulty":"easy","question":"The Axolotl is an amphibian that can spend its whole life in a larval state.","correct_answer":"True","incorrect_answers":["False"]
    },
    {
        "category":"Animals","type":"multiple","difficulty":"easy","question":"What is the fastest  land animal?","correct_answer":"Cheetah","incorrect_answers":["Lion","Thomson&rsquo;s Gazelle","Pronghorn Antelope"]
    },
    {
        "category":"Animals","type":"boolean","difficulty":"easy","question":"A slug&rsquo;s blood is green.","correct_answer":"True","incorrect_answers":["False"]
    },
    {
        "category":"Animals","type":"multiple","difficulty":"easy","question":"What is the scientific name for modern day humans?","correct_answer":"Homo Sapiens","incorrect_answers":["Homo Ergaster","Homo Erectus","Homo Neanderthalensis"]
    },
    {
        "category":"Animals","type":"multiple","difficulty":"easy","question":"The K\u0101k\u0101p\u014d is a large, flightless, nocturnal parrot native to which country?","correct_answer":"New Zealand","incorrect_answers":["South Africa","Australia","Madagascar"]
    },
    {
        "category":"Animals","type":"multiple","difficulty":"easy","question":"Hippocampus is the Latin name for which marine creature?","correct_answer":"Seahorse","incorrect_answers":["Dolphin","Whale","Octopus"]
    },
    {
        "category":"Animals","type":"boolean","difficulty":"easy","question":"Kangaroos keep food in their pouches next to their children.","correct_answer":"False","incorrect_answers":["True"]
    },
    {
        "category":"Animals","type":"boolean","difficulty":"easy","question":"A bear does NOT defecate during hibernation. ","correct_answer":"True","incorrect_answers":["False"]
    },
    {
        "category":"Animals","type":"multiple","difficulty":"easy","question":"How many legs do butterflies have?","correct_answer":"6","incorrect_answers":["2","4","0"]
    },
    {
        "category":"Animals","type":"multiple","difficulty":"easy","question":"What do you call a baby bat?","correct_answer":"Pup","incorrect_answers":["Cub","Chick","Kid"]
    },
    {
        "category":"Animals","type":"boolean","difficulty":"easy","question":"In 2016, the IUCN reclassified the status of Giant Pandas from endangered to vulnerable.","correct_answer":"True","incorrect_answers":["False"]
    },
    {
        "category":"Animals","type":"boolean","difficulty":"easy","question":"Rabbits are rodents.","correct_answer":"False","incorrect_answers":["True"]
    },
    {
        "category":"Animals","type":"boolean","difficulty":"easy","question":"A flock of crows is known as a homicide.","correct_answer":"False","incorrect_answers":["True"]
    },
    {
        "category":"Animals","type":"multiple","difficulty":"easy","question":"What is Grumpy Cat's real name?","correct_answer":"Tardar Sauce","incorrect_answers":["Sauce","Minnie","Broccoli"]
    },
    {
        "category":"Animals","type":"multiple","difficulty":"easy","question":"Which class of animals are newts members of?","correct_answer":"Amphibian","incorrect_answers":["Fish","Reptiles","Mammals"]
    },
    {
        "category":"Animals","type":"boolean","difficulty":"easy","question":"A caterpillar has more muscles than humans do.","correct_answer":"True","incorrect_answers":["False"]
    },
    {
        "category":"Animals","type":"boolean","difficulty":"easy","question":"Cats have whiskers under their legs.","correct_answer":"True","incorrect_answers":["False"]
    },
    {
        "category":"Animals","type":"boolean","difficulty":"easy","question":"The Killer Whale is considered a type of dolphin.","correct_answer":"True","incorrect_answers":["False"]
    },
    {
        "category":"Animals","type":"multiple","difficulty":"easy","question":"What is the collective noun for a group of crows?","correct_answer":"Murder","incorrect_answers":["Pack","Gaggle","Herd"]
    },
    {
        "category":"Animals","type":"multiple","difficulty":"easy","question":"By definition, where does an abyssopelagic animal live?","correct_answer":"At the bottom of the ocean","incorrect_answers":["In the desert","On top of a mountain","Inside a tree"]
    },
    {
        "category":"Animals","type":"boolean","difficulty":"easy","question":"Rabbits can see what's behind themselves without turning their heads.","correct_answer":"True","incorrect_answers":["False"]
    },
    {
        "category":"Animals","type":"multiple","difficulty":"easy","question":"What colour is the female blackbird?","correct_answer":"Brown","incorrect_answers":["Black","White","Yellow"]
    },
    {
        "category":"Animals","type":"multiple","difficulty":"easy","question":"How many teeth does an adult rabbit have?","correct_answer":"28","incorrect_answers":["30","26","24"]
    },
    {
        "category":"Animals","type":"multiple","difficulty":"easy","question":"What is the name of a rabbit's abode?","correct_answer":"Burrow","incorrect_answers":["Nest","Den","Dray"]
    },
    {
        "category":"Animals","type":"boolean","difficulty":"easy","question":"Rabbits are carnivores.","correct_answer":"False","incorrect_answers":["True"]
    },
    {
        "category":"Animals","type":"boolean","difficulty":"easy","question":"The internet browser Firefox is named after the Red Panda.","correct_answer":"True","incorrect_answers":["False"]
    },
    {
        "category":"Animals","type":"boolean","difficulty":"easy","question":"The freshwater amphibian, the Axolotl, can regrow it's limbs.","correct_answer":"True","incorrect_answers":["False"]
    }
]