{"response_code":0,"results":[{"category":"Science & Nature","type":"boolean","difficulty":"medium","question":"The Neanderthals were a direct ancestor of modern humans.","correct_answer":"False","incorrect_answers":["True"]},{"category":"Science & Nature","type":"multiple","difficulty":"medium","question":"Along with Oxygen, which element is primarily responsible for the sky appearing blue?","correct_answer":"Nitrogen","incorrect_answers":["Helium","Carbon","Hydrogen"]},{"category":"Science & Nature","type":"boolean","difficulty":"medium","question":"The Doppler effect applies to light.","correct_answer":"True","incorrect_answers":["False"]},{"category":"Science & Nature","type":"multiple","difficulty":"medium","question":"The humerus, paired radius, and ulna come together to form what joint?","correct_answer":"Elbow","incorrect_answers":["Knee","Sholder","Ankle"]},{"category":"Science & Nature","type":"multiple","difficulty":"medium","question":"Which of these stars is the largest?","correct_answer":"UY Scuti","incorrect_answers":["VY Canis Majoris","Betelgeuse","RW Cephei"]},{"category":"Science & Nature","type":"boolean","difficulty":"medium","question":"The planet Mars has two moons orbiting it.","correct_answer":"True","incorrect_answers":["False"]},{"category":"Science & Nature","type":"multiple","difficulty":"medium","question":"What was the first living creature in space?","correct_answer":"Fruit Flies ","incorrect_answers":["Monkey","Dog","Mouse"]},{"category":"Science & Nature","type":"multiple","difficulty":"medium","question":"What mineral has the lowest number on the Mohs scale?","correct_answer":"Talc","incorrect_answers":["Quartz","Diamond","Gypsum"]},{"category":"Science & Nature","type":"multiple","difficulty":"medium","question":"How many degrees Fahrenheit is 100 degrees Celsius? ","correct_answer":"212","incorrect_answers":["326","100","451"]},{"category":"Science & Nature","type":"multiple","difficulty":"medium","question":"Which chemical element has the lowest boiling point?","correct_answer":"Helium","incorrect_answers":["Hydrogen","Neon","Nitrogen"]},{"category":"Science & Nature","type":"multiple","difficulty":"medium","question":"Au on the Periodic Table refers to which element?","correct_answer":"Gold","incorrect_answers":["Silver","Oxygen","Nickel"]},{"category":"Science & Nature","type":"boolean","difficulty":"medium","question":"Shrimp can swim backwards.","correct_answer":"True","incorrect_answers":["False"]},{"category":"Science & Nature","type":"multiple","difficulty":"medium","question":"Which psychological term refers to the stress of holding contrasting beliefs?","correct_answer":"Cognitive Dissonance","incorrect_answers":["Flip-Flop Syndrome","Split-Brain","Blind Sight"]},{"category":"Science & Nature","type":"multiple","difficulty":"medium","question":"The &quot;Tibia&quot; is found in which part of the body?","correct_answer":"Leg","incorrect_answers":["Arm","Hand","Head"]},{"category":"Science & Nature","type":"boolean","difficulty":"medium","question":"Type 1 diabetes is a result of the liver working improperly.","correct_answer":"False","incorrect_answers":["True"]},{"category":"Science & Nature","type":"multiple","difficulty":"medium","question":"What is the chemical formula for ammonia?","correct_answer":"NH3","incorrect_answers":["CO2","NO3","CH4"]},{"category":"Science & Nature","type":"multiple","difficulty":"medium","question":"What polymer is used to make CDs, safety goggles and riot shields?","correct_answer":"Polycarbonate","incorrect_answers":["Rubber","Nylon","Bakelite"]},{"category":"Science & Nature","type":"multiple","difficulty":"medium","question":"The medical condition osteoporosis affects which part of the body?","correct_answer":"Bones","incorrect_answers":["Skin","Brain","Heart"]},{"category":"Science & Nature","type":"boolean","difficulty":"medium","question":"Scientists accidentally killed the once known world&#039;s oldest living creature, a mollusc, known to be aged as 507 years old.","correct_answer":"True","incorrect_answers":["False"]},{"category":"Science & Nature","type":"multiple","difficulty":"medium","question":"What term is best associated with Sigmund Freud?","correct_answer":"Psychoanalysis","incorrect_answers":["Cognitive-Behavioral Therapy","Theory of Gravity","Dialectical Behavior Therapy"]},{"category":"Science & Nature","type":"boolean","difficulty":"medium","question":"Centripedal force is an apparent force that acts outward on a body moving around a center, arising from the body&#039;s inertia.","correct_answer":"False","incorrect_answers":["True"]},{"category":"Science & Nature","type":"multiple","difficulty":"medium","question":"What does the yellow diamond on the NFPA 704 fire diamond represent?","correct_answer":"Reactivity","incorrect_answers":["Health","Flammability","Radioactivity"]},{"category":"Science & Nature","type":"multiple","difficulty":"medium","question":"Myopia is the scientific term for which condition?","correct_answer":"Shortsightedness","incorrect_answers":["Farsightedness","Double Vision","Clouded Vision"]},{"category":"Science & Nature","type":"multiple","difficulty":"medium","question":"At what temperature does water boil?","correct_answer":"212&deg;F","incorrect_answers":["200&deg;F","181&deg;F","178&deg;F"]},{"category":"Science & Nature","type":"multiple","difficulty":"medium","question":"Which of these elements on the Periodic Table is a Noble Gas?","correct_answer":"Neon","incorrect_answers":["Potassium","Iodine","Colbalt"]},{"category":"Science & Nature","type":"multiple","difficulty":"medium","question":"Deuterium is an isotope of which element?","correct_answer":"Hydrogen","incorrect_answers":["Nitrogen","Helium","Neon"]},{"category":"Science & Nature","type":"multiple","difficulty":"medium","question":"A positron is an antiparticle of a what?","correct_answer":"Electron","incorrect_answers":["Neutron","Proton","Photon"]},{"category":"Science & Nature","type":"boolean","difficulty":"medium","question":"In the periodic table, Potassium&#039;s symbol is the letter K.","correct_answer":"True","incorrect_answers":["False"]},{"category":"Science & Nature","type":"multiple","difficulty":"medium","question":"What is the unit of electrical capacitance?","correct_answer":"Farad","incorrect_answers":["Gauss","Henry","Watt"]},{"category":"Science & Nature","type":"multiple","difficulty":"medium","question":"In Psychology, which need appears highest in the &quot;Maslow&#039;s hierarchy of needs&quot; pyramid?","correct_answer":"Esteem","incorrect_answers":["Love","Safety","Physiological"]},{"category":"Science & Nature","type":"multiple","difficulty":"medium","question":"The Sun consists of mostly which two elements?","correct_answer":"Hydrogen &amp; Helium","incorrect_answers":["Hydrogen &amp; Nitrogen","Carbon &amp; Nitrogen","Carbon &amp; Helium"]},{"category":"Science & Nature","type":"multiple","difficulty":"medium","question":"On which mission did the Space Shuttle Columbia break up upon re-entry?","correct_answer":"STS-107","incorrect_answers":["STS-51-L","STS-61-C","STS-109"]},{"category":"Science & Nature","type":"multiple","difficulty":"medium","question":"What part of the brain takes its name from the Greek for seahorse?","correct_answer":"Hippocampus","incorrect_answers":["Cerebellum","Thalamus","Amygdala"]},{"category":"Science & Nature","type":"multiple","difficulty":"medium","question":"Which planet did the &quot;Viking 1&quot; spacecraft send surface images of, starting in 1976?","correct_answer":"Mars","incorrect_answers":["Saturn","Jupiter","Venus"]},{"category":"Science & Nature","type":"multiple","difficulty":"medium","question":"What do you study if you are studying entomology?","correct_answer":"Insects","incorrect_answers":["Humans","the Brain","Fish"]},{"category":"Science & Nature","type":"multiple","difficulty":"medium","question":"Which chemical element was originally known as Alabamine?","correct_answer":"Astatine","incorrect_answers":["Selenium","Antimony","Molybdenum"]},{"category":"Science & Nature","type":"multiple","difficulty":"medium","question":"Which of the following men does not have a chemical element named after him?","correct_answer":"Sir Isaac Newton","incorrect_answers":["Albert Einstein","Niels Bohr","Enrico Fermi"]},{"category":"Science & Nature","type":"multiple","difficulty":"medium","question":"Down Syndrome is usually caused by an extra copy of which chromosome?","correct_answer":"21","incorrect_answers":["23","15","24"]},{"category":"Science & Nature","type":"multiple","difficulty":"medium","question":"What is the half-life of Uranium-235?","correct_answer":"703,800,000 years","incorrect_answers":["4,300,400,000 years","1,260,900,000 years","Uranium-235 is a stable isotope"]},{"category":"Science & Nature","type":"boolean","difficulty":"medium","question":"Sound can travel through a vacuum.","correct_answer":"False","incorrect_answers":["True"]},{"category":"Science & Nature","type":"multiple","difficulty":"medium","question":"On the periodic table of elements, what is the symbol for Tin?","correct_answer":"Sn","incorrect_answers":["Ti","Ni","Na"]},{"category":"Science & Nature","type":"multiple","difficulty":"medium","question":"In human biology, a circadium rhythm relates to a period of roughly how many hours?","correct_answer":"24","incorrect_answers":["8","16","32"]},{"category":"Science & Nature","type":"boolean","difficulty":"medium","question":"The most frequent subconscious activity repeated by the human body is blinking.","correct_answer":"False","incorrect_answers":["True"]},{"category":"Science & Nature","type":"multiple","difficulty":"medium","question":"What is the Linnean name of the domestic apple tree?","correct_answer":"Malus pumila","incorrect_answers":["Malus americana","Pomus domestica","Appelus delectica"]},{"category":"Science & Nature","type":"multiple","difficulty":"medium","question":"Which portion of the Marijuana plant produces the psychoactive substance known as THC?","correct_answer":"Female Flower","incorrect_answers":["Leaves","Male Flower","Root Ball"]},{"category":"Science & Nature","type":"multiple","difficulty":"medium","question":"Which of these choices is not one of the phases of mitosis?","correct_answer":"Diplophase","incorrect_answers":["Metaphase","Anaphase","Telophase"]},{"category":"Science & Nature","type":"multiple","difficulty":"medium","question":"What is Hypernatremia?","correct_answer":"Increase in blood sodium","incorrect_answers":["Decrease in blood potassium","Increase in blood glucose","Decrease in blood iron"]},{"category":"Science & Nature","type":"multiple","difficulty":"medium","question":"What are the smallest blood vessels in the human body?","correct_answer":"Capillaries","incorrect_answers":["Arterioles","Veinules","Lymphatics"]},{"category":"Science & Nature","type":"multiple","difficulty":"medium","question":"What is the molecular formula of the active component of chili peppers(Capsaicin)?","correct_answer":"C18H27NO3","incorrect_answers":["C21H23NO3","C6H4Cl2","C13H25NO4"]},{"category":"Science & Nature","type":"multiple","difficulty":"medium","question":"When the Falcon Heavy was launched on it&#039;s test flight, what was the only part of the operation that failed?","correct_answer":"Center Core Landing","incorrect_answers":["Side Booster Landing","Deployment of Starman","Ignition and Liftoff"]}]}