{"response_code":0,"results":[{"category":"Science & Nature","type":"multiple","difficulty":"hard","question":"What is considered the rarist form of color blindness?","correct_answer":"Blue","incorrect_answers":["Red","Green","Purple"]},{"category":"Science & Nature","type":"multiple","difficulty":"hard","question":"Which is the chemical name of H2O?","correct_answer":"Dihydrogen Monoxide","incorrect_answers":["Ammonium chloride","Anhydrous Sodium Carbonate","Manganese dioxide"]},{"category":"Science & Nature","type":"multiple","difficulty":"hard","question":"How many objects are equivalent to one mole?","correct_answer":"6.022 x 10^23","incorrect_answers":["6.002 x 10^22","6.022 x 10^22","6.002 x 10^23"]},{"category":"Science & Nature","type":"multiple","difficulty":"hard","question":"The &#039;Islets of Langerhans&#039; is found in which human organ?","correct_answer":"Pancreas","incorrect_answers":["Kidney","Liver","Brain"]},{"category":"Science & Nature","type":"multiple","difficulty":"hard","question":"How many legs is it biologically impossible for a centipede to have?","correct_answer":"100","incorrect_answers":["26","50","74"]},{"category":"Science & Nature","type":"multiple","difficulty":"hard","question":"What common name is given to the medial condition, tibial stress syndrome (MTSS)?","correct_answer":"Shin Splints","incorrect_answers":["Tennis Elbow","Carpal Tunnel","Housemaid&#039;s Knee"]},{"category":"Science & Nature","type":"multiple","difficulty":"hard","question":"On the Beaufort Scale of wind force, what wind name is given to number 8?","correct_answer":"Gale","incorrect_answers":["Storm","Hurricane","Breeze"]},{"category":"Science & Nature","type":"multiple","difficulty":"hard","question":"What is the molecular formula of Glucose?","correct_answer":"C6H12O6","incorrect_answers":["C2H4O2","K+","CH4"]},{"category":"Science & Nature","type":"multiple","difficulty":"hard","question":"An organic compound is considered an alcohol if it has what functional group?","correct_answer":"Hydroxyl","incorrect_answers":["Carbonyl","Alkyl","Aldehyde"]},{"category":"Science & Nature","type":"multiple","difficulty":"hard","question":"All of the following human genetic haplogroup names are shared between Y-chromosome and mitochondrial DNA haplogroups EXCEPT:","correct_answer":"Haplogroup U","incorrect_answers":["Haplogroup L","Haplogroup T","Haplogroup J"]},{"category":"Science & Nature","type":"multiple","difficulty":"hard","question":"What is the scientific name of the knee cap?","correct_answer":"Patella","incorrect_answers":["Femur","Foramen Magnum","Scapula"]},{"category":"Science & Nature","type":"multiple","difficulty":"hard","question":"If you planted the seeds of Quercus robur what would grow?","correct_answer":"Trees","incorrect_answers":["Flowers","Vegtables","Grains"]},{"category":"Science & Nature","type":"multiple","difficulty":"hard","question":"What is the scientific name of the red fox?","correct_answer":"Vulpes Vulpes","incorrect_answers":["Vulpes Redus","Red Fox","Vulpes Vulpie"]},{"category":"Science & Nature","type":"multiple","difficulty":"hard","question":"Which is not a type of neuron?","correct_answer":"Perceptual Neuron","incorrect_answers":["Sensory Neuron","Motor Neuron","Interneuron"]},{"category":"Science & Nature","type":"multiple","difficulty":"hard","question":"Folic acid is the synthetic form of which vitamin?","correct_answer":"Vitamin B","incorrect_answers":["Vitamin A","Vitamin C","Vitamin D"]},{"category":"Science & Nature","type":"multiple","difficulty":"hard","question":"Which moon is the only satellite in our solar system to possess a dense atmosphere?","correct_answer":"Titan","incorrect_answers":["Europa","Miranda","Callisto"]},{"category":"Science & Nature","type":"multiple","difficulty":"hard","question":"A comet&#039;s gaseous envelope (which creates the tail) is called what?","correct_answer":"The coma","incorrect_answers":["The wake","The backwash","The ablative"]},{"category":"Science & Nature","type":"multiple","difficulty":"hard","question":"What is the molecular formula of Ozone?","correct_answer":"O3","incorrect_answers":["C6H2O6","N2O","SO4"]},{"category":"Science & Nature","type":"multiple","difficulty":"hard","question":"The core of the Sun can reach which temperature?","correct_answer":"27&deg; Million F (15&deg; Million C)","incorrect_answers":["938,000&deg; F (521093.3&deg; C)","8&deg; Billion F (&deg;4.4 Billion C)","Absolute Zero (Both F and C)"]},{"category":"Science & Nature","type":"multiple","difficulty":"hard","question":"Which of the following plastic is commonly used for window frames, gutters and drain pipes?","correct_answer":"Polyvinylchloride (PVC) ","incorrect_answers":["Polyethylene (PE)","Polypropylene (PP)","Polystyrene (PS)"]},{"category":"Science & Nature","type":"multiple","difficulty":"hard","question":"What element on the periodic table has 92 electrons?","correct_answer":"Uranium","incorrect_answers":["Sulfur","Hydrogen","Iron"]},{"category":"Science & Nature","type":"multiple","difficulty":"hard","question":"What nucleotide pairs with guanine?","correct_answer":"Cytosine","incorrect_answers":["Thymine","Adenine","Uracil"]},{"category":"Science & Nature","type":"multiple","difficulty":"hard","question":"What is the same in Celsius and Fahrenheit?","correct_answer":"-40","incorrect_answers":["32","-39","-42"]},{"category":"Science & Nature","type":"multiple","difficulty":"hard","question":"Botanically speaking, which of these fruits is NOT a berry?","correct_answer":"Strawberry","incorrect_answers":["Blueberry","Banana","Concord Grape"]},{"category":"Science & Nature","type":"multiple","difficulty":"hard","question":"What does the term &quot;isolation&quot; refer to in microbiology?","correct_answer":"The separation of a strain from a natural, mixed population of living microbes","incorrect_answers":["A lack of nutrition in microenviroments","The nitrogen level in soil","Testing effects of certain microorganisms in an isolated enviroments, such as caves"]},{"category":"Science & Nature","type":"multiple","difficulty":"hard","question":"How much radiation does a banana emit?","correct_answer":"0.1 Microsievert","incorrect_answers":["0.3 Microsievert","0.5 Microsievert","0.7 Microsievert"]},{"category":"Science & Nature","type":"boolean","difficulty":"hard","question":"The value of one Calorie is different than the value of one calorie.","correct_answer":"True","incorrect_answers":["False"]},{"category":"Science & Nature","type":"multiple","difficulty":"hard","question":"Muscle fiber is constructed of bundles small long organelles called what?","correct_answer":"Myofibrils","incorrect_answers":["Epimysium","Myofiaments","Myocardium"]},{"category":"Science & Nature","type":"multiple","difficulty":"hard","question":"Which of the following is NOT a word used to describe an earthquake?","correct_answer":"Drop-slide","incorrect_answers":["Foreshock","Strike-slip","Temblor"]},{"category":"Science & Nature","type":"multiple","difficulty":"hard","question":"Where is the Gluteus Maximus muscle located?","correct_answer":"Butt","incorrect_answers":["Arm","Head","Torso"]},{"category":"Science & Nature","type":"multiple","difficulty":"hard","question":"How long is a light-year?","correct_answer":"9.461 Trillion Kilometres","incorrect_answers":["1 AU","105.40 Earth-years","501.2 Million Miles"]},{"category":"Science & Nature","type":"multiple","difficulty":"hard","question":"What is the scientific name for the extinct hominin known as &quot;Lucy&quot;?","correct_answer":"Australopithecus Afarensis","incorrect_answers":["Australopithecus Africanus","Australopithecus Architeuthis","Australopithecus Antaris"]},{"category":"Science & Nature","type":"multiple","difficulty":"hard","question":"Which of the following is the term for &quot;surgical complications resulting from surgical sponges left inside the patient&#039;s body?","correct_answer":"Gossypiboma","incorrect_answers":["Gongoozler","Jentacular","Meupareunia"]},{"category":"Science & Nature","type":"multiple","difficulty":"hard","question":"Coulrophobia is the irrational fear of what?","correct_answer":"Clowns","incorrect_answers":["Cemeteries","Needles","Tunnels"]},{"category":"Science & Nature","type":"multiple","difficulty":"hard","question":"The Western Lowland Gorilla is scientifically know as?","correct_answer":"Gorilla Gorilla Gorilla","incorrect_answers":["Gorilla Gorilla Diehli","Gorilla Beringei Graueri","Gorilla Beringei Beringei"]},{"category":"Science & Nature","type":"multiple","difficulty":"hard","question":"What is &quot;Stenoma&quot;?","correct_answer":"A genus of moths","incorrect_answers":["A combat stimulant from WW2","A type of seasoning","A port city in the carribean"]},{"category":"Science & Nature","type":"multiple","difficulty":"hard","question":"How many protons are in an oxygen atom?","correct_answer":"Eight","incorrect_answers":["Four","Two","Six"]},{"category":"Science & Nature","type":"multiple","difficulty":"hard","question":"Autosomal-dominant Compelling Helio-Ophthalmic Outburst syndrome is the need to do what when seeing the Sun?","correct_answer":"Sneeze","incorrect_answers":["Cough","Yawn","Hiccup"]},{"category":"Science & Nature","type":"multiple","difficulty":"hard","question":"What physics principle relates the net electric flux out of a closed surface to the charge enclosed by that surface?","correct_answer":"Gauss&#039;s Law","incorrect_answers":["Faraday&#039;s Law","Ampere&#039;s Law","Biot-Savart Law"]},{"category":"Science & Nature","type":"multiple","difficulty":"hard","question":"Which of these animals belongs in class Chondrichthyes?","correct_answer":"Great white shark","incorrect_answers":["Octopus","Killer whale","Catfish"]},{"category":"Science & Nature","type":"multiple","difficulty":"hard","question":"The word &quot;science&quot; stems from the word &quot;scire&quot; meaning what?","correct_answer":"To know","incorrect_answers":["To measure","To live","To count"]},{"category":"Science & Nature","type":"multiple","difficulty":"hard","question":"What was the first organic compound to be synthesized from inorganic compounds?","correct_answer":"Urea","incorrect_answers":["Propane","Ethanol","Formaldehyde"]},{"category":"Science & Nature","type":"multiple","difficulty":"hard","question":"Which major extinction event was caused by an asteroid collision and eliminated the majority of non-avian dinosaurs?","correct_answer":"Cretaceous-Paleogene","incorrect_answers":["Triassic&ndash;Jurassic","Permian&ndash;Triassic","Ordovician&ndash;Silurian"]},{"category":"Science & Nature","type":"multiple","difficulty":"hard","question":"What is the most potent toxin known?","correct_answer":"Botulinum toxin","incorrect_answers":["Ricin","Cyanide","Asbestos"]},{"category":"Science & Nature","type":"multiple","difficulty":"hard","question":"Which of the following is a major muscle of the back?","correct_answer":"Trapezius","incorrect_answers":["Trapezium","Trapezoid","Triquetrum"]},{"category":"Science & Nature","type":"multiple","difficulty":"hard","question":"Which of the following are cells of the adaptive immune system?","correct_answer":"Cytotoxic T cells","incorrect_answers":["Dendritic cells","Natural killer cells","White blood cells"]},{"category":"Science & Nature","type":"multiple","difficulty":"hard","question":"Which of the following is considered classical conditioning?","correct_answer":"Pavlov&#039;s dog experiments","incorrect_answers":["Skinner box experiment","Schr&ouml;dinger&#039;s cat experiment","Harlow&rsquo;s monkey experiments"]},{"category":"Science & Nature","type":"multiple","difficulty":"hard","question":"What causes the sound of a heartbeat?","correct_answer":"Closure of the heart valves","incorrect_answers":["Contraction of the heart chambers","Blood exiting the heart","Relaxation of the heart chambers"]},{"category":"Science & Nature","type":"multiple","difficulty":"hard","question":"How many types of quarks are there in the standard model of physics?","correct_answer":"6","incorrect_answers":["2","3","4"]},{"category":"Science & Nature","type":"multiple","difficulty":"hard","question":"In quantum physics, which of these theorised sub-atomic particles has yet to be observed?","correct_answer":"Graviton","incorrect_answers":["Z boson","Tau neutrino","Gluon"]}]}