{"response_code":0,"results":[{"category":"Science: Computers","type":"multiple","difficulty":"medium","question":"Which internet company began life as an online bookstore called &#039;Cadabra&#039;?","correct_answer":"Amazon","incorrect_answers":["eBay","Overstock","Shopify"]},{"category":"Science: Computers","type":"boolean","difficulty":"medium","question":"The first computer bug was formed by faulty wires.","correct_answer":"False","incorrect_answers":["True"]},{"category":"Science: Computers","type":"boolean","difficulty":"medium","question":"FLAC stands for &quot;Free Lossless Audio Condenser&quot;&#039;","correct_answer":"False","incorrect_answers":["True"]},{"category":"Science: Computers","type":"multiple","difficulty":"medium","question":"What does AD stand for in relation to Windows Operating Systems? ","correct_answer":"Active Directory","incorrect_answers":["Alternative Drive","Automated Database","Active Department"]},{"category":"Science: Computers","type":"boolean","difficulty":"medium","question":"All program codes have to be compiled into an executable file in order to be run. This file can then be executed on any machine.","correct_answer":"False","incorrect_answers":["True"]},{"category":"Science: Computers","type":"multiple","difficulty":"medium","question":"The computer OEM manufacturer Clevo, known for its Sager notebook line, is based in which country?","correct_answer":"Taiwan","incorrect_answers":["United States","Germany","China (People&#039;s Republic of)"]},{"category":"Science: Computers","type":"multiple","difficulty":"medium","question":"Nvidia&#039;s headquarters are based in which Silicon Valley city?","correct_answer":"Santa Clara","incorrect_answers":["Palo Alto","Cupertino","Mountain View"]},{"category":"Science: Computers","type":"boolean","difficulty":"medium","question":"&quot;Windows NT&quot; is a monolithic kernel.","correct_answer":"False","incorrect_answers":["True"]},{"category":"Science: Computers","type":"multiple","difficulty":"medium","question":"Which of these is the name for the failed key escrow device introduced by the National Security Agency in 1993?","correct_answer":"Clipper Chip","incorrect_answers":["Enigma Machine","Skipjack","Nautilus"]},{"category":"Science: Computers","type":"boolean","difficulty":"medium","question":"To bypass US Munitions Export Laws, the creator of the PGP published all the source code in book form. ","correct_answer":"True","incorrect_answers":["False"]},{"category":"Science: Computers","type":"multiple","difficulty":"medium","question":"On which day did the World Wide Web go online?","correct_answer":"December 20, 1990","incorrect_answers":["December 17, 1996","November 12, 1990","November 24, 1995"]},{"category":"Science: Computers","type":"multiple","difficulty":"medium","question":"While Apple was formed in California, in which western state was Microsoft founded?","correct_answer":"New Mexico","incorrect_answers":["Washington","Colorado","Arizona"]},{"category":"Science: Computers","type":"boolean","difficulty":"medium","question":"MacOS is based on Linux.","correct_answer":"False","incorrect_answers":["True"]},{"category":"Science: Computers","type":"multiple","difficulty":"medium","question":"Generally, which component of a computer draws the most power?","correct_answer":"Video Card","incorrect_answers":["Hard Drive","Processor","Power Supply"]},{"category":"Science: Computers","type":"multiple","difficulty":"medium","question":"How many cores does the Intel i7-6950X have?","correct_answer":"10","incorrect_answers":["12","8","4"]},{"category":"Science: Computers","type":"multiple","difficulty":"medium","question":"In the server hosting industry IaaS stands for...","correct_answer":"Infrastructure as a Service","incorrect_answers":["Internet as a Service","Internet and a Server","Infrastructure as a Server"]},{"category":"Science: Computers","type":"boolean","difficulty":"medium","question":"AMD created the first consumer 64-bit processor.","correct_answer":"True","incorrect_answers":["False"]},{"category":"Science: Computers","type":"multiple","difficulty":"medium","question":"Which coding language was the #1 programming language in terms of usage on GitHub in 2015?","correct_answer":"JavaScript","incorrect_answers":["C#","Python","PHP"]},{"category":"Science: Computers","type":"multiple","difficulty":"medium","question":"What is the name of the default theme that is installed with Windows XP?","correct_answer":"Luna","incorrect_answers":["Neptune","Whistler","Bliss"]},{"category":"Science: Computers","type":"multiple","difficulty":"medium","question":"In the programming language &quot;Python&quot;, which of these statements would display the string &quot;Hello World&quot; correctly?","correct_answer":"print(&quot;Hello World&quot;)","incorrect_answers":["console.log(&quot;Hello World&quot;)","echo &quot;Hello World&quot;","printf(&quot;Hello World&quot;)"]},{"category":"Science: Computers","type":"multiple","difficulty":"medium","question":"In HTML, which non-standard tag used to be be used to make elements scroll across the viewport?","correct_answer":"&lt;marquee&gt;&lt;\/marquee&gt;","incorrect_answers":["&lt;scroll&gt;&lt;\/scroll&gt;","&lt;move&gt;&lt;\/move&gt;","&lt;slide&gt;&lt;\/slide&gt;"]},{"category":"Science: Computers","type":"multiple","difficulty":"medium","question":"In CSS, which of these values CANNOT be used with the &quot;position&quot; property?","correct_answer":"center","incorrect_answers":["static","absolute","relative"]},{"category":"Science: Computers","type":"multiple","difficulty":"medium","question":"What is the correct term for the metal object in between the CPU and the CPU fan within a computer system?","correct_answer":"Heat Sink","incorrect_answers":["CPU Vent","Temperature Decipator","Heat Vent"]},{"category":"Science: Computers","type":"boolean","difficulty":"medium","question":"Early RAM was directly seated onto the motherboard and could not be easily removed.","correct_answer":"True","incorrect_answers":["False"]},{"category":"Science: Computers","type":"multiple","difficulty":"medium","question":"In computing terms, typically what does CLI stand for?","correct_answer":"Command Line Interface","incorrect_answers":["Common Language Input","Control Line Interface","Common Language Interface"]},{"category":"Science: Computers","type":"multiple","difficulty":"medium","question":"How fast is USB 3.1 Gen 2 theoretically?","correct_answer":"10 Gb\/s","incorrect_answers":["5 Gb\/s","8 Gb\/s","1 Gb\/s"]},{"category":"Science: Computers","type":"multiple","difficulty":"medium","question":"What does &quot;LCD&quot; stand for?","correct_answer":"Liquid Crystal Display","incorrect_answers":["Language Control Design","Last Common Difference","Long Continuous Design"]},{"category":"Science: Computers","type":"boolean","difficulty":"medium","question":"The first dual-core CPU was the Intel Pentium D.","correct_answer":"False","incorrect_answers":["True"]},{"category":"Science: Computers","type":"multiple","difficulty":"medium","question":"Which of the following is a personal computer made by the Japanese company Fujitsu?","correct_answer":"FM-7","incorrect_answers":["PC-9801","Xmillennium ","MSX"]},{"category":"Science: Computers","type":"multiple","difficulty":"medium","question":".rs is the top-level domain for what country?","correct_answer":"Serbia","incorrect_answers":["Romania","Russia","Rwanda"]},{"category":"Science: Computers","type":"multiple","difficulty":"medium","question":".at is the top-level domain for what country?","correct_answer":"Austria","incorrect_answers":["Argentina","Australia","Angola"]},{"category":"Science: Computers","type":"boolean","difficulty":"medium","question":"The last Windows operating system to be based on the Windows 9x kernel was Windows 98.","correct_answer":"False","incorrect_answers":["True"]},{"category":"Science: Computers","type":"boolean","difficulty":"medium","question":"It&#039;s not possible to format a write-protected DVD-R Hard Disk.","correct_answer":"True","incorrect_answers":["False"]},{"category":"Science: Computers","type":"multiple","difficulty":"medium","question":"What is known as &quot;the brain&quot; of the Computer?","correct_answer":"Central Processing Unit","incorrect_answers":["Motherboard","Graphics Processing Unit","Keyboard"]},{"category":"Science: Computers","type":"multiple","difficulty":"medium","question":"What does the term GPU stand for?","correct_answer":"Graphics Processing Unit","incorrect_answers":["Gaming Processor Unit","Graphite Producing Unit","Graphical Proprietary Unit"]},{"category":"Science: Computers","type":"boolean","difficulty":"medium","question":"Android versions are named in alphabetical order.","correct_answer":"True","incorrect_answers":["False"]},{"category":"Science: Computers","type":"multiple","difficulty":"medium","question":"What was the first Android version specifically optimized for tablets?","correct_answer":"Honeycomb","incorrect_answers":["Eclair","Froyo","Marshmellow"]},{"category":"Science: Computers","type":"multiple","difficulty":"medium","question":"When did the online streaming service &quot;Mixer&quot; launch?","correct_answer":"2016","incorrect_answers":["2013","2009","2011"]},{"category":"Science: Computers","type":"multiple","difficulty":"medium","question":"What does the term MIME stand for, in regards to computing?","correct_answer":"Multipurpose Internet Mail Extensions","incorrect_answers":["Mail Internet Mail Exchange","Multipurpose Interleave Mail Exchange","Mail Interleave Method Exchange"]},{"category":"Science: Computers","type":"boolean","difficulty":"medium","question":"Linus Sebastian is the creator of the Linux kernel, which went on to be used in Linux, Android, and Chrome OS.","correct_answer":"False","incorrect_answers":["True"]},{"category":"Science: Computers","type":"multiple","difficulty":"medium","question":"Which programming language was developed by Sun Microsystems in 1995?","correct_answer":"Java","incorrect_answers":["Python","Solaris OS","C++"]},{"category":"Science: Computers","type":"multiple","difficulty":"medium","question":"The name of technology company HP stands for what?","correct_answer":"Hewlett-Packard","incorrect_answers":["Howard Packmann","Husker-Pollosk","Hellman-Pohl"]},{"category":"Science: Computers","type":"multiple","difficulty":"medium","question":"Approximately how many Apple I personal computers were created?","correct_answer":"200","incorrect_answers":["100","500","1000"]},{"category":"Science: Computers","type":"multiple","difficulty":"medium","question":"In programming, what do you call functions with the same name but different implementations?","correct_answer":"Overloading","incorrect_answers":["Overriding","Abstracting","Inheriting"]},{"category":"Science: Computers","type":"multiple","difficulty":"medium","question":"What does RAID stand for?","correct_answer":"Redundant Array of Independent Disks","incorrect_answers":["Rapid Access for Indexed Devices","Range of Applications with Identical Designs","Randomized Abstract Identification Description"]},{"category":"Science: Computers","type":"multiple","difficulty":"medium","question":"How many bytes are in a single Kibibyte?","correct_answer":"1024","incorrect_answers":["2400","1000","1240"]},{"category":"Science: Computers","type":"multiple","difficulty":"medium","question":"What is the number of keys on a standard Windows Keyboard?","correct_answer":"104","incorrect_answers":["64","94","76"]},{"category":"Science: Computers","type":"multiple","difficulty":"medium","question":"Unix Time is defined as the number of seconds that have elapsed since when?","correct_answer":"Midnight, January 1, 1970","incorrect_answers":["Midnight, July 4, 1976","Midnight on the creator of Unix&#039;s birthday","Midnight, July 4, 1980"]},{"category":"Science: Computers","type":"multiple","difficulty":"medium","question":"How many bits make up the significand portion of a single precision floating point number?","correct_answer":"23","incorrect_answers":["8","53","15"]},{"category":"Science: Computers","type":"multiple","difficulty":"medium","question":"What does the &#039;S&#039; in the RSA encryption algorithm stand for?","correct_answer":"Shamir","incorrect_answers":["Secure","Schottky","Stable"]}]}