{"response_code":0,"results":[{"category":"Entertainment: Television","type":"multiple","difficulty":"hard","question":"The theme for the popular science fiction series &quot;Doctor Who&quot; was composed by who?","correct_answer":"Ron Grainer","incorrect_answers":["Murray Gold","Delia Derbyshire","Peter Howell"]},{"category":"Entertainment: Television","type":"multiple","difficulty":"hard","question":"What&#039;s Dr. Doofenshmirtz first name?","correct_answer":"Heinz","incorrect_answers":["Hans","Hank","Heidi"]},{"category":"Entertainment: Television","type":"multiple","difficulty":"hard","question":"In &quot;It&#039;s Always Sunny in Philadelphia&quot; what was the name of Frank&#039;s wrestling persona?","correct_answer":"The Trash Man","incorrect_answers":["Bird of War","Day Man","The Maniac"]},{"category":"Entertainment: Television","type":"multiple","difficulty":"hard","question":"Which country does the YouTuber &quot;SinowBeats&quot; originate from?","correct_answer":"Scotland","incorrect_answers":["England","Sweden","Germany"]},{"category":"Entertainment: Television","type":"multiple","difficulty":"hard","question":"Who played the sun baby in the original run of Teletubbies?","correct_answer":"Jessica Smith","incorrect_answers":["Pui Fan Lee","Sue Monroe","Lisa Brockwell"]},{"category":"Entertainment: Television","type":"multiple","difficulty":"hard","question":"In Star Trek, what is the name of Spock&#039;s father?","correct_answer":"Sarek","incorrect_answers":["Tuvok","T&#039;Pal","Surak"]},{"category":"Entertainment: Television","type":"multiple","difficulty":"hard","question":"In &quot;Donkey Kong Country&quot;, why does Donkey Kong want to know the secret of the crystal coconut?","correct_answer":"He&#039;s the big kahuna.","incorrect_answers":["To find out where all the bananas are.","Because Diddy Kong forced him.","He wants to punish brutes."]},{"category":"Entertainment: Television","type":"multiple","difficulty":"hard","question":"In the TV Show &quot;Donkey Kong Country&quot;, which episode did the song &quot;Eddie, Let Me Go Back To My Home&quot; play in?","correct_answer":"It&#039;s a Wonderful Life","incorrect_answers":["Message In A Bottle Show","To The Moon Baboon","Ape-Nesia"]},{"category":"Entertainment: Television","type":"multiple","difficulty":"hard","question":"Which of these in the Star Trek series is NOT Klingon food?","correct_answer":"Hors d&#039;oeuvre","incorrect_answers":["Racht","Gagh","Bloodwine"]},{"category":"Entertainment: Television","type":"boolean","difficulty":"hard","question":"The Klingon home planet is Qo&#039;noS.","correct_answer":"True","incorrect_answers":["False"]},{"category":"Entertainment: Television","type":"multiple","difficulty":"hard","question":"What is the Klingon&#039;s afterlife called?","correct_answer":"Sto-vo-kor","incorrect_answers":["Valhalla","Karon&#039;gahk","New Jersey"]},{"category":"Entertainment: Television","type":"multiple","difficulty":"hard","question":"In &quot;Star Trek&quot;, who was the founder of the Klingon Empire and its philosophy?","correct_answer":"Kahless the Unforgettable","incorrect_answers":["Lady Lukara of the Great Hall","Molor the Unforgiving","Dahar Master Kor"]},{"category":"Entertainment: Television","type":"multiple","difficulty":"hard","question":"Which race enjoys a glass of warm baghol in &quot;Star Trek&quot;?","correct_answer":"Klingon","incorrect_answers":["Vulcan","Human","Botha"]},{"category":"Entertainment: Television","type":"multiple","difficulty":"hard","question":"In &quot;Star Trek&quot;, what sauce is commonly used by Klingons on bregit lung?","correct_answer":"Grapok sauce","incorrect_answers":["Gazorpazorp pudding","Sweet chili sauce","Grapork sauce"]},{"category":"Entertainment: Television","type":"multiple","difficulty":"hard","question":"In &quot;Star Trek&quot;, what is the Klingon delicacy of &quot;gagh&quot; made from?","correct_answer":"Serpent worms","incorrect_answers":["Earthworms","Spaghetti noodles","Klingworms"]},{"category":"Entertainment: Television","type":"multiple","difficulty":"hard","question":"In 2008, British celebrity chef Gordon Ramsay believes he almost died after suffering what accident in Iceland while filming?","correct_answer":"Slipping off a cliff, and nearly drowning in icy water","incorrect_answers":["Crash landing when arriving at Keflav&iacute;k airport","A minor car accident in a snowstorm","Being served under-cooked chicken at his hotel"]},{"category":"Entertainment: Television","type":"multiple","difficulty":"hard","question":"Which of these voices wasn&#039;t a choice for the House AI in &quot;The Simpsons Treehouse of Horror&quot; short, House of Whacks?","correct_answer":"George Clooney","incorrect_answers":["Matthew Perry","Dennis Miller","Pierce Brosnan"]},{"category":"Entertainment: Television","type":"multiple","difficulty":"hard","question":"Which of the following actors portrayed the Ninth Doctor in the British television show &quot;Doctor Who&quot;?","correct_answer":"Christopher Eccleston","incorrect_answers":["David Tennant","Matt Smith","Tom Baker"]},{"category":"Entertainment: Television","type":"multiple","difficulty":"hard","question":"What was the callsign of Commander William Adama in Battlestar Galactica (2004)?","correct_answer":"Husker","incorrect_answers":["Starbuck","Apollo","Crashdown"]},{"category":"Entertainment: Television","type":"multiple","difficulty":"hard","question":"What was the name of the inflatable duck sacrified to the crowd at the end of Episode 34 of the 18th season of Big Brother?","correct_answer":"Pablo","incorrect_answers":["Esteban","Carlos","Duckster"]},{"category":"Entertainment: Television","type":"multiple","difficulty":"hard","question":"In season one of the US Kitchen Nightmares, Gordan Ramsay tried to save 10 different restaurants. How many ended up closing afterwards?","correct_answer":"9","incorrect_answers":["6","3","0"]},{"category":"Entertainment: Television","type":"multiple","difficulty":"hard","question":"Prior to working at Wizards of the Coast, &quot;Mark Rosewater&quot; was a writer for which show?","correct_answer":"Roseanne","incorrect_answers":["Boy Meets World","The X-Files","NYPD Blue"]},{"category":"Entertainment: Television","type":"multiple","difficulty":"hard","question":"Who was the winner of &quot;Big Brother&quot; Season 10?","correct_answer":"Dan Gheesling","incorrect_answers":["Bryce Kranyik","Ryan Sutfin","Chris Mundorf"]},{"category":"Entertainment: Television","type":"multiple","difficulty":"hard","question":"Which former Coronation Street actress was once a hostess on the British Game Show &quot;Double Your Money&quot;?","correct_answer":"Amanda Barrie","incorrect_answers":["Sue Nicholls","Violet Carson","Jean Alexander"]},{"category":"Entertainment: Television","type":"multiple","difficulty":"hard","question":"Which actor from The Young Ones also played Lord Flashheart in one episode of Blackadder II?","correct_answer":"Rik Mayall","incorrect_answers":["Adrian Edmondson","Nigel Planer","Christopher Ryan"]},{"category":"Entertainment: Television","type":"multiple","difficulty":"hard","question":"Which of these Nickelodeon game shows aired first?","correct_answer":"Double Dare","incorrect_answers":["Nick Arcade","Finders Keepers","Nickelodeon Guts"]},{"category":"Entertainment: Television","type":"multiple","difficulty":"hard","question":"What was the UK &quot;Who Wants to be a Millionaire?&quot; cheating scandal known as?","correct_answer":"Major Fraud","incorrect_answers":["Ingram Cheater","Coughing Major","Millionaire Crime"]},{"category":"Entertainment: Television","type":"multiple","difficulty":"hard","question":"What was the date of original airing of the pilot episode of My Little Pony: Friendship is Magic?","correct_answer":"October 10th, 2010","incorrect_answers":["November 6th, 2010","April 14th, 1984","May 18th, 2015"]},{"category":"Entertainment: Television","type":"multiple","difficulty":"hard","question":"In the show &#039;Doctor Who&#039;, what is the name of the time-capsule model stolen by &#039;the Doctor&#039;?","correct_answer":"TT Type 40, Mark 3 (TARDIS)","incorrect_answers":["TT Type 1, Mark 3 (TARDIS)","TT Type 40, Mark 5 (TARDIS)","TT Type 1, Mark 5 (TARDIS)"]}]}