{"response_code":0,"results":[{"category":"Entertainment: Television","type":"boolean","difficulty":"medium","question":"AMC&#039;s &quot;The Walking Dead&quot;, Rick, Carl, Daryl, Morgan, Carol and Maggie were introduced to us in Season 1.","correct_answer":"False","incorrect_answers":["True"]},{"category":"Entertainment: Television","type":"multiple","difficulty":"medium","question":"From what show is the character &quot;James Doakes&quot;? ","correct_answer":"Dexter","incorrect_answers":["Marvel&#039;s Daredevil","Boardwalk Empire","The Walking Dead"]},{"category":"Entertainment: Television","type":"multiple","difficulty":"medium","question":"In the TV series &quot;Person of Interest&quot;, who plays the character &quot;Harold Finch&quot;?","correct_answer":"Michael Emerson","incorrect_answers":["Jim Caviezel","Taraji P. Henson","Kevin Chapman"]},{"category":"Entertainment: Television","type":"multiple","difficulty":"medium","question":"Who sang the theme song for the TV show &#039;Rawhide&#039;?","correct_answer":"Frankie Laine","incorrect_answers":["Guy Mitchell"," Tennessee Ernie Ford","Slim Whitman"]},{"category":"Entertainment: Television","type":"multiple","difficulty":"medium","question":"Which of the following Autobot names in Michael Bay&#039;s movies was NOT a name for a Transformer in the original 1980&#039;s cartoon?","correct_answer":"Mudflap","incorrect_answers":["Skids","Sideswipe","Ratchet"]},{"category":"Entertainment: Television","type":"multiple","difficulty":"medium","question":"What is the setting of the show &quot;Parks and Recreation&quot;?","correct_answer":"Pawnee, Indiana","incorrect_answers":["Eagleton, Indiana","Pasadena, California","London, England"]},{"category":"Entertainment: Television","type":"multiple","difficulty":"medium","question":"What was the name of Ross&#039; pet monkey on &quot;Friends&quot;?","correct_answer":"Marcel","incorrect_answers":["Jojo","George","Champ"]},{"category":"Entertainment: Television","type":"multiple","difficulty":"medium","question":"In the episode of SpongeBob SquarePants, &quot;Survival of the Idiots&quot;, Spongebob called Patrick which nickname?","correct_answer":"Pinhead","incorrect_answers":["Starfish","Larry","Dirty Dan"]},{"category":"Entertainment: Television","type":"multiple","difficulty":"medium","question":"In Breaking Bad, the initials W.W. refer to which of the following?","correct_answer":"Walter White","incorrect_answers":["William Wolf","Willy Wonka","Wally Walrus"]},{"category":"Entertainment: Television","type":"multiple","difficulty":"medium","question":"Who co-founded the YouTube Let&#039;s Play channel &quot;Game Grumps&quot; alongside Newgrounds animator Egoraptor?","correct_answer":"JonTron","incorrect_answers":["Pewdiepie","Tobuscus","Markiplier"]},{"category":"Entertainment: Television","type":"multiple","difficulty":"medium","question":"In Naruto: Shippuden, which of the following elements is a &quot;Kekkei T\u014dta?&quot;","correct_answer":"Particle Style","incorrect_answers":["Any Doujutsu","Shadow Style","Ice Style"]},{"category":"Entertainment: Television","type":"multiple","difficulty":"medium","question":"Dee from &quot;It&#039;s Always Sunny in Philadelphia&quot; has dated all of the following guys EXCEPT","correct_answer":"Matthew &quot;Rickety Cricket&quot; Mara","incorrect_answers":["Colin the Thief","Ben the Soldier","Kevin Gallagher aka Lil&#039; Kevin"]},{"category":"Entertainment: Television","type":"multiple","difficulty":"medium","question":"Which of these television shows makes everyone look under their chair?","correct_answer":"Oprah","incorrect_answers":["Jimmy Fallon","Saturday Night Live","Larry Rubert"]},{"category":"Entertainment: Television","type":"multiple","difficulty":"medium","question":"In &quot;The Big Bang Theory&quot;, what is Howard Wolowitz&#039;s nickname in World of Warcraft?","correct_answer":"Wolowizard","incorrect_answers":["Sheldor","Rajesh","Priya"]},{"category":"Entertainment: Television","type":"multiple","difficulty":"medium","question":"What is the surname of the character Daryl in AMC&#039;s show The Walking Dead?","correct_answer":"Dixon","incorrect_answers":["Grimes","Dickinson","Dicketson"]},{"category":"Entertainment: Television","type":"multiple","difficulty":"medium","question":"How long was Ken Jennings&#039; win streak on Jeopardy?","correct_answer":"74","incorrect_answers":["88","49","62"]},{"category":"Entertainment: Television","type":"multiple","difficulty":"medium","question":"What is the name of the &quot;Flash&quot; and &quot;Arrow&quot; spinoff featuring a team of characters that have appeared on both shows?","correct_answer":"Legends of Tomorrow","incorrect_answers":["Heroes of Tomorrow","The Justice Society of America","The Justice Society"]},{"category":"Entertainment: Television","type":"multiple","difficulty":"medium","question":"In which year did the British television series &quot;The Bill&quot; end?","correct_answer":"2010","incorrect_answers":["2001","2007","2012"]},{"category":"Entertainment: Television","type":"multiple","difficulty":"medium","question":"Which British writer wrote for both Doctor Who and Sherlock?","correct_answer":"Steven Moffatt","incorrect_answers":["Phil Ford","Russell T Davies","Toby Whithouse"]},{"category":"Entertainment: Television","type":"multiple","difficulty":"medium","question":"Who was the winner of the 2016 WWE Royal Rumble?","correct_answer":"Triple H","incorrect_answers":["Roman Reigns","AJ Styles","Dean Ambrose"]},{"category":"Entertainment: Television","type":"boolean","difficulty":"medium","question":"Like his character in &quot;Parks and Recreation&quot;, Aziz Ansari was born in South Carolina.","correct_answer":"True","incorrect_answers":["False"]},{"category":"Entertainment: Television","type":"multiple","difficulty":"medium","question":"How many seasons did the TV show &quot;Donkey Kong Country&quot; last?","correct_answer":"2","incorrect_answers":["1","4","5"]},{"category":"Entertainment: Television","type":"boolean","difficulty":"medium","question":"Bob Ross was a US Air Force pilot.","correct_answer":"False","incorrect_answers":["True"]},{"category":"Entertainment: Television","type":"multiple","difficulty":"medium","question":"Which of following is rude and dishonorable by Klingon standards?","correct_answer":"Taking his D&#039;k tahg","incorrect_answers":["Insulting and laughing at him at the dinner table","Reaching over and taking his meal","Punching him and taking his ship station position"]},{"category":"Entertainment: Television","type":"multiple","difficulty":"medium","question":"In &quot;Star Trek&quot;, what is the Ferengi&#039;s First Rule of Acquisition?","correct_answer":"Once you have their money, you never give it back. ","incorrect_answers":["Never place friendship above profit","Greed is Eternal","Never allow family to stand in the way of opportunity"]},{"category":"Entertainment: Television","type":"boolean","difficulty":"medium","question":"Klingons respect their disabled comrades, and those who are old, injuried, and helpless.","correct_answer":"False","incorrect_answers":["True"]},{"category":"Entertainment: Television","type":"boolean","difficulty":"medium","question":"In &quot;Star Trek&quot;, Klingons respect William Shakespeare, they even suspect him having a Klingon lineage.","correct_answer":"True","incorrect_answers":["False"]},{"category":"Entertainment: Television","type":"boolean","difficulty":"medium","question":"Klingons once had a period of Democracy in their history, they referred to it as the &quot;Dark Times&quot;.","correct_answer":"True","incorrect_answers":["False"]},{"category":"Entertainment: Television","type":"multiple","difficulty":"medium","question":"What was Nickelodeon&#039;s original name?","correct_answer":"Pinwheel","incorrect_answers":["MTVKids","KidsTV","Splat!"]},{"category":"Entertainment: Television","type":"boolean","difficulty":"medium","question":"In &quot;Star Trek&quot;, Klingons are commonly referred to as &quot;Black Elves&quot;.","correct_answer":"False","incorrect_answers":["True"]},{"category":"Entertainment: Television","type":"multiple","difficulty":"medium","question":"In &quot;Star Trek&quot;, what is the Klingon death ritual?","correct_answer":"Look into sky and yell loudly in mourning.","incorrect_answers":["Kiss the jagged forehead before burial.","Shoot into space in a torpedo casing.","Split the deceased&#039;s earnings between bloodkin."]},{"category":"Entertainment: Television","type":"multiple","difficulty":"medium","question":"What breed of dog is &quot;Scooby Doo&quot;?","correct_answer":"Great Dane","incorrect_answers":["Pit bull","Boxer","Doberman Pinscher"]},{"category":"Entertainment: Television","type":"multiple","difficulty":"medium","question":"What episode of &quot;Mr. Bean&quot; saw him trying to prevent people from seeing him naked?","correct_answer":"Mr. Bean in Room 426","incorrect_answers":["Mr. Bean Goes to Town","The Trouble with Mr. Bean","Back to School Mr. Bean"]},{"category":"Entertainment: Television","type":"multiple","difficulty":"medium","question":"Which of the following was not an actor\/actress on the American television show &quot;Saturday Night Live&quot; in Season 42?","correct_answer":"Tina Fey","incorrect_answers":["Mikey Day","Kate McKinnon","Sasheer Zamata"]},{"category":"Entertainment: Television","type":"multiple","difficulty":"medium","question":"In Battlestar Galactica (2004), what is the name of the President of the Twelve Colonies?","correct_answer":"Laura Roslin","incorrect_answers":["William Adama","Tricia Helfer","Harry Stills"]},{"category":"Entertainment: Television","type":"multiple","difficulty":"medium","question":"What is the name of the main antagonists in Battlestar Galactica?","correct_answer":"The Cylons","incorrect_answers":["The Collective","The Federation","The Rebels"]},{"category":"Entertainment: Television","type":"boolean","difficulty":"medium","question":"In &quot;Star Trek: The Next Generation&quot;, Data is the only android in existence.","correct_answer":"False","incorrect_answers":["True"]},{"category":"Entertainment: Television","type":"multiple","difficulty":"medium","question":"In &quot;The Simpsons&quot;, what is the real name of &quot;Comic Book Guy&quot;?","correct_answer":"Jeff Albertson","incorrect_answers":["Comic Book Guy","Edward Stone","Jack Richardson"]},{"category":"Entertainment: Television","type":"boolean","difficulty":"medium","question":"An episode of &quot;The Simpsons&quot; is dedicated to Moe Szyslak&#039;s bar rag.","correct_answer":"True","incorrect_answers":["False"]},{"category":"Entertainment: Television","type":"multiple","difficulty":"medium","question":"On the NBC show Community what was Star Burns&#039; real name?","correct_answer":"Alex","incorrect_answers":["Todd","Neal","Grimus"]},{"category":"Entertainment: Television","type":"multiple","difficulty":"medium","question":"&quot;The A Team&quot; first aired in the USA and in the UK in what year?","correct_answer":"1983","incorrect_answers":["1981","1985","1987"]},{"category":"Entertainment: Television","type":"multiple","difficulty":"medium","question":"Baron Silas Greenback is the arch nemesis of which cartoon hero?","correct_answer":"Danger Mouse","incorrect_answers":["Bananaman","SuperTed","Captain Star"]},{"category":"Entertainment: Television","type":"multiple","difficulty":"medium","question":"Cesar Romero played which iconic Batman villain from the 1960&#039;s TV show?","correct_answer":"The Joker","incorrect_answers":["The Penguin","The Riddler","Mr. Freeze"]},{"category":"Entertainment: Television","type":"multiple","difficulty":"medium","question":"The 1985 Toyota Corolla &quot;AE86&quot; was the hero car for what anime? ","correct_answer":"Initial D","incorrect_answers":["Wangan Midnight","Ghost MF","Ex Driver"]},{"category":"Entertainment: Television","type":"multiple","difficulty":"medium","question":"What is the name of the inspector in the series &quot;On the Buses&quot;?","correct_answer":"Blakey","incorrect_answers":["Harper","Naily","Gally"]},{"category":"Entertainment: Television","type":"multiple","difficulty":"medium","question":"Who was Firestorm&#039;s rival during the original run of UK Robot Wars?","correct_answer":"Panic Attack","incorrect_answers":["Razer","Chaos 2","Hypno Disc"]},{"category":"Entertainment: Television","type":"multiple","difficulty":"medium","question":"The first half-hour CGI cartoon, ReBoot, aired on which year?","correct_answer":"1994","incorrect_answers":["1993","1998","1999"]},{"category":"Entertainment: Television","type":"multiple","difficulty":"medium","question":"In the Sci-Fi television show Doctor Who, who plays the Tenth Doctor?","correct_answer":"David Tennant","incorrect_answers":["William Hartnell","Peter Capaldi","Peter Davison"]},{"category":"Entertainment: Television","type":"multiple","difficulty":"medium","question":"Out of the 3 Tots in Tots TV, who speaks French in the UK Version and Spanish in the US Version?","correct_answer":"Tilly","incorrect_answers":["Tom","Tiny","None of the Above"]},{"category":"Entertainment: Television","type":"multiple","difficulty":"medium","question":"The fictional movie &#039;Rochelle, Rochelle&#039; features in which sitcom?","correct_answer":"Seinfeld","incorrect_answers":["Frasier","Cheers","Friends"]}]}