{"response_code":0,"results":[{"category":"Geography","type":"multiple","difficulty":"medium","question":"Which state of the United States is the smallest?","correct_answer":"Rhode Island ","incorrect_answers":["Maine","Vermont","Massachusetts"]},{"category":"Geography","type":"multiple","difficulty":"medium","question":"Montreal is in which Canadian province?","correct_answer":"Quebec","incorrect_answers":["Ontario","Nova Scotia","Alberta"]},{"category":"Geography","type":"multiple","difficulty":"medium","question":"How many sovereign states are members of the United Nations?","correct_answer":"195","incorrect_answers":["201","153","178"]},{"category":"Geography","type":"boolean","difficulty":"medium","question":"The surface area of Russia is slightly larger than that of the dwarf planet Pluto.","correct_answer":"True","incorrect_answers":["False"]},{"category":"Geography","type":"multiple","difficulty":"medium","question":"Which city is the capital of Switzerland?","correct_answer":"Bern","incorrect_answers":["Z&uuml;rich","Frankfurt","Wien"]},{"category":"Geography","type":"multiple","difficulty":"medium","question":"What is the capital of Chile?","correct_answer":"Santiago","incorrect_answers":["Valpara&iacute;so","Copiap&oacute;","Antofagasta"]},{"category":"Geography","type":"multiple","difficulty":"medium","question":"Which European city has the highest mileage of canals in the world?","correct_answer":"Birmingham","incorrect_answers":["Venice","Amsterdam","Berlin"]},{"category":"Geography","type":"multiple","difficulty":"medium","question":"In which English county is Stonehenge?","correct_answer":"Wiltshire","incorrect_answers":["Somerset","Cumbria","Herefordshire"]},{"category":"Geography","type":"multiple","difficulty":"medium","question":"What is the name of the capital of Turkey?","correct_answer":"Ankara","incorrect_answers":["Istanbul","Izmir","Bursa"]},{"category":"Geography","type":"multiple","difficulty":"medium","question":"What is the capital of Australia?","correct_answer":"Canberra","incorrect_answers":["Sydney","Melbourne","Brisbane"]},{"category":"Geography","type":"multiple","difficulty":"medium","question":"Which of the following countries is within the Eurozone but outside of the Schengen Area?","correct_answer":"Cyprus","incorrect_answers":["Malta","Greece","Portugal"]},{"category":"Geography","type":"multiple","difficulty":"medium","question":"On which continent is the country of Angola located?","correct_answer":"Africa","incorrect_answers":["South America","Europe","Asia"]},{"category":"Geography","type":"boolean","difficulty":"medium","question":"The longest place named in the United States is Lake Chargoggagoggmanchauggagoggchaubunagungamaugg, located near Webster, MA.","correct_answer":"True","incorrect_answers":["False"]},{"category":"Geography","type":"multiple","difficulty":"medium","question":"Where is the area commonly known as the Bermuda Triangle?","correct_answer":"North Atlantic Ocean, between Florida and Puerto Rico","incorrect_answers":["North Pacific Ocean, between Japan and the USA","In the Caribbean Sea","South Pacific Ocean, far off Chile"]},{"category":"Geography","type":"boolean","difficulty":"medium","question":"The Southeast Asian island of Borneo is politically divided among 3 countries.","correct_answer":"True","incorrect_answers":["False"]},{"category":"Geography","type":"multiple","difficulty":"medium","question":"The Japanese district Akihabara is also known by what nickname?","correct_answer":"Electric Town","incorrect_answers":["Moon Walk River","Otaku Central ","Big Eyes"]},{"category":"Geography","type":"multiple","difficulty":"medium","question":"The World Health Organization headquarters is located in which European country?","correct_answer":"Switzerland","incorrect_answers":["United Kingdom","France","Belgium"]},{"category":"Geography","type":"multiple","difficulty":"medium","question":"How many countries are larger than Australia?","correct_answer":"5","incorrect_answers":["4","3","6"]},{"category":"Geography","type":"multiple","difficulty":"medium","question":"The historical city Timbuktu is located in which West African country?","correct_answer":"Mali","incorrect_answers":["Senegal","Niger","Burkina Faso"]},{"category":"Geography","type":"multiple","difficulty":"medium","question":"Where are the Nazca Lines located?","correct_answer":"Peru","incorrect_answers":["Brazil","Colombia","Ecuador"]},{"category":"Geography","type":"multiple","difficulty":"medium","question":"What is the largest lake in the African continent?","correct_answer":"Lake Victoria","incorrect_answers":["Lake Tanganyika","Lake Malawi","Lake Turkana"]},{"category":"Geography","type":"boolean","difficulty":"medium","question":"Vietnam is the only country in the world that starts with V. ","correct_answer":"False","incorrect_answers":["True"]},{"category":"Geography","type":"multiple","difficulty":"medium","question":"What is the capital of Senegal?","correct_answer":"Dakar","incorrect_answers":["Nouakchott","Conakry","Monrovia"]},{"category":"Geography","type":"multiple","difficulty":"medium","question":"What is the right way to spell the capital of Hungary?","correct_answer":"Budapest","incorrect_answers":["Boodapest","Bhudapest","Budapast"]},{"category":"Geography","type":"boolean","difficulty":"medium","question":"The Sonoran Desert is located in eastern Africa.","correct_answer":"False","incorrect_answers":["True"]},{"category":"Geography","type":"boolean","difficulty":"medium","question":"The capital of the US State Ohio is the city of Chillicothe.","correct_answer":"False","incorrect_answers":["True"]},{"category":"Geography","type":"multiple","difficulty":"medium","question":"Which country has the abbreviation &quot;CH&quot;?","correct_answer":"Switzerland","incorrect_answers":["China","Canada","No Country"]},{"category":"Geography","type":"multiple","difficulty":"medium","question":"How tall is One World Trade Center in New York City?","correct_answer":"1,776 ft","incorrect_answers":["1,888 ft","1,225 ft","1,960 ft"]},{"category":"Geography","type":"multiple","difficulty":"medium","question":"What is the smallest country in South America by area?","correct_answer":"Suriname","incorrect_answers":["Brazil","Uruguay","Chile"]},{"category":"Geography","type":"multiple","difficulty":"medium","question":"What is the largest Muslim country in the world?","correct_answer":"Indonesia","incorrect_answers":["Pakistan","Saudi Arabia","Iran"]},{"category":"Geography","type":"multiple","difficulty":"medium","question":"The land mass of modern day Turkey is called what?","correct_answer":"Anatolia","incorrect_answers":["Ismuth of Ottoma","Ottoma","Ismuth of Anatolia"]},{"category":"Geography","type":"multiple","difficulty":"medium","question":"What is the highest mountain in the world?","correct_answer":"Mt. Everest","incorrect_answers":["Mount Godwin Austen","Kangchenjunga","Annapurna"]},{"category":"Geography","type":"boolean","difficulty":"medium","question":"Norway has a larger land area than Sweden.","correct_answer":"False","incorrect_answers":["True"]},{"category":"Geography","type":"multiple","difficulty":"medium","question":"What city  has the busiest airport in the world?","correct_answer":"Atlanta, Georgia USA","incorrect_answers":["London, England","Chicago,Illinois ISA","Tokyo,Japan"]},{"category":"Geography","type":"multiple","difficulty":"medium","question":"What&#039;s the first National Park designated in the United States?","correct_answer":"Yellowstone","incorrect_answers":["Sequoia ","Yosemite","Rocky Mountain"]},{"category":"Geography","type":"multiple","difficulty":"medium","question":"What was the most populous city in the Americas in 2015?","correct_answer":"S&atilde;o Paulo","incorrect_answers":["New York","Mexico City","Los Angeles"]},{"category":"Geography","type":"multiple","difficulty":"medium","question":"Broome is a town in which state of Australia?","correct_answer":"Western Australia","incorrect_answers":["Northern Territory","South Australia","Tasmania"]},{"category":"Geography","type":"multiple","difficulty":"medium","question":"What is the fifth largest country by area?","correct_answer":"Brazil","incorrect_answers":["United States","Australia","India"]},{"category":"Geography","type":"multiple","difficulty":"medium","question":"What is the capital city of Slovenia?","correct_answer":"Ljubljana","incorrect_answers":["Maribor","Velenje","Trbovlje"]},{"category":"Geography","type":"multiple","difficulty":"medium","question":"Which of the following is the longest river in Europe?","correct_answer":"Volga","incorrect_answers":["Danube","Ural","Dnieper"]},{"category":"Geography","type":"multiple","difficulty":"medium","question":"What is the capital of Lithuania?","correct_answer":"Vilnius","incorrect_answers":["Tallinn","Helsinki","Riga"]},{"category":"Geography","type":"multiple","difficulty":"medium","question":"Which of the following is NOT a capital city?","correct_answer":"Sydney","incorrect_answers":["Cairo","Moscow","Beijing"]},{"category":"Geography","type":"multiple","difficulty":"medium","question":"In which English county is the city of Portsmouth?","correct_answer":"Hampshire","incorrect_answers":["Oxfordshire","Buckinghamshire","Surrey"]},{"category":"Geography","type":"multiple","difficulty":"medium","question":"Which English county will you find the University of East Anglia?","correct_answer":"Norfolk","incorrect_answers":["Suffolk","Essex","Cambridgeshire"]},{"category":"Geography","type":"multiple","difficulty":"medium","question":"How many time zones are in Russia?","correct_answer":"11","incorrect_answers":["8","5","2"]},{"category":"Geography","type":"multiple","difficulty":"medium","question":"How many provinces are in the Netherlands?","correct_answer":"12","incorrect_answers":["14","10","13"]},{"category":"Geography","type":"multiple","difficulty":"medium","question":"What mountain range lines the border between Spain and France?","correct_answer":"Pyrenees","incorrect_answers":["Alps","Carpathians","Urals"]},{"category":"Geography","type":"multiple","difficulty":"medium","question":"Lake Titicaca is located between which two nations?","correct_answer":"Peru and Bolivia","incorrect_answers":["Kenya and Uganda","Mexico and the United States","India and Bangladesh"]},{"category":"Geography","type":"multiple","difficulty":"medium","question":"Which of these countries is not a United Nations member state?","correct_answer":"Niue","incorrect_answers":["Tuvalu","South Sudan","Montenegro"]},{"category":"Geography","type":"multiple","difficulty":"medium","question":"What island in the Canary Islands was the scene of one of the worst air disasters in history with the collision of two jumbo jets?","correct_answer":"Tenerife","incorrect_answers":["Fuerteventura","Gran Canaria","Maui"]}]}