{"response_code":0,"results":[{"category":"Geography","type":"multiple","difficulty":"hard","question":"In which city, is the Big Nickel located in Canada?","correct_answer":"Sudbury, Ontario","incorrect_answers":["Calgary, Alberta","Halifax, Nova Scotia ","Victoria, British Columbia"]},{"category":"Geography","type":"multiple","difficulty":"hard","question":"What is the largest city and commercial capital of Sri Lanka?","correct_answer":"Colombo","incorrect_answers":["Moratuwa","Negombo","Kandy"]},{"category":"Geography","type":"multiple","difficulty":"hard","question":"Which of these countries is NOT a part of the Asian continent?","correct_answer":"Suriname","incorrect_answers":["Georgia","Russia","Singapore"]},{"category":"Geography","type":"multiple","difficulty":"hard","question":"Which of these island countries is located in the Caribbean?","correct_answer":"Barbados","incorrect_answers":["Fiji","Maldives","Seychelles"]},{"category":"Geography","type":"multiple","difficulty":"hard","question":"The prefix Sino- (As in Sino-American) is used to refer to what nationality?","correct_answer":"Chinese","incorrect_answers":["Japanese","Russian","Indian"]},{"category":"Geography","type":"multiple","difficulty":"hard","question":"Which country is completely landlocked by South Africa?","correct_answer":"Lesotho","incorrect_answers":["Swaziland","Botswana","Zimbabwe"]},{"category":"Geography","type":"multiple","difficulty":"hard","question":"Which of these is NOT a province in China?","correct_answer":"Yangtze","incorrect_answers":["Fujian","Sichuan","Guangdong"]},{"category":"Geography","type":"multiple","difficulty":"hard","question":"The mountainous Khyber Pass connects which of the two following countries?","correct_answer":"Afghanistan and Pakistan","incorrect_answers":["India and Nepal","Pakistan and India","Tajikistan and Kyrgyzstan"]},{"category":"Geography","type":"multiple","difficulty":"hard","question":"What is the name of one of the Neo-Aramaic languages spoken by the Jewish population from Northwestern Iraq?","correct_answer":"Lishana Deni","incorrect_answers":["Hulaul&aacute;","Lishan Didan","Chaldean Neo-Aramaic"]},{"category":"Geography","type":"multiple","difficulty":"hard","question":"Which of the following Inuit languages was the FIRST to use a unique writing system not based on the Latin alphabet?","correct_answer":"Inuktitut","incorrect_answers":["Inuinnaqtun","Greenlandic","Inupiat"]},{"category":"Geography","type":"multiple","difficulty":"hard","question":"In 2012 the German-speaking microstate &quot;Liechtenstein&quot; in Central Europe had a population of how many inhabitants?","correct_answer":"36,600","incorrect_answers":["2,400","90,000","323,400"]},{"category":"Geography","type":"multiple","difficulty":"hard","question":"What year is on the flag of the US state Wisconsin?","correct_answer":"1848","incorrect_answers":["1634","1783","1901"]},{"category":"Geography","type":"multiple","difficulty":"hard","question":"How many countries border Kyrgyzstan?","correct_answer":"4","incorrect_answers":["3","1","6"]},{"category":"Geography","type":"multiple","difficulty":"hard","question":"Which is the largest freshwater lake in the world?","correct_answer":"Lake Superior ","incorrect_answers":["Caspian Sea","Lake Michigan","Lake Huron"]},{"category":"Geography","type":"multiple","difficulty":"hard","question":"Where is the fast food chain &quot;Panda Express&quot; headquartered?","correct_answer":"Rosemead, California","incorrect_answers":["Sacramento, California","Fresno, California","San Diego, California"]},{"category":"Geography","type":"multiple","difficulty":"hard","question":"Llanfair&shy;pwllgwyngyll&shy;gogery&shy;chwyrn&shy;drobwll&shy;llan&shy;tysilio&shy;gogo&shy;goch is located on which Welsh island?","correct_answer":"Anglesey","incorrect_answers":["Barry","Bardsey","Caldey"]},{"category":"Geography","type":"multiple","difficulty":"hard","question":"What is the area of Vatican City?","correct_answer":"0.44km^2","incorrect_answers":["0.10km^2","0.86km^2","12.00km^2"]},{"category":"Geography","type":"multiple","difficulty":"hard","question":"The Hunua Ranges is located in...","correct_answer":"New Zealand","incorrect_answers":["Nepal","China","Mexico"]},{"category":"Geography","type":"multiple","difficulty":"hard","question":"Fucking is a village in which country?","correct_answer":"Austria","incorrect_answers":["Germany","Switzerland","Czech Republic"]},{"category":"Geography","type":"multiple","difficulty":"hard","question":"What is the most populous Muslim-majority nation in 2010?","correct_answer":"Indonesia","incorrect_answers":["Saudi Arabia","Iran","Sudan"]},{"category":"Geography","type":"multiple","difficulty":"hard","question":"Which country was NOT formerly part of Yugoslavia?","correct_answer":"Albania","incorrect_answers":["Croatia","Serbia","Macedonia"]},{"category":"Geography","type":"multiple","difficulty":"hard","question":"What is the official German name of the Swiss Federal Railways?","correct_answer":"Schweizerische Bundesbahnen","incorrect_answers":["Schweizerische Nationalbahnen","Bundesbahnen der Schweiz","Schweizerische Staatsbahnen"]},{"category":"Geography","type":"boolean","difficulty":"hard","question":"Switzerland has four national languages, English being one of them.","correct_answer":"False","incorrect_answers":["True"]},{"category":"Geography","type":"multiple","difficulty":"hard","question":"What city is known as the Rose Capital of the World?","correct_answer":"Tyler, Texas","incorrect_answers":["San Diego, California","Miami, Florida","Anaheim, California"]},{"category":"Geography","type":"multiple","difficulty":"hard","question":"What is the Finnish word for &quot;Finland&quot;?","correct_answer":"Suomi","incorrect_answers":["Eesti","Magyarorsz&aacute;g","Sverige"]},{"category":"Geography","type":"multiple","difficulty":"hard","question":"What is the name of the Canadian national anthem?","correct_answer":"O Canada","incorrect_answers":["O Red Maple","Leaf-Spangled Banner","March of the Puck Drop"]},{"category":"Geography","type":"multiple","difficulty":"hard","question":"What North American tourist attraction is served by the &quot;Maid of the Mist&quot; tour company?","correct_answer":"Niagara Falls","incorrect_answers":["Whistler, British Columbia","Disney World","Yosemite National Park"]},{"category":"Geography","type":"multiple","difficulty":"hard","question":"What is the name of rocky region that spans most of eastern Canada?","correct_answer":"Canadian Shield","incorrect_answers":["Rocky Mountains","Appalachian Mountains","Himalayas"]},{"category":"Geography","type":"multiple","difficulty":"hard","question":"What is Canada&#039;s largest island?","correct_answer":"Baffin Island","incorrect_answers":["Prince Edward Island","Vancouver Island","Newfoundland"]},{"category":"Geography","type":"multiple","difficulty":"hard","question":"What is the name of the formerly rich fishing grounds off the island of Newfoundland, Canada?","correct_answer":"Grand Banks","incorrect_answers":["Great Barrier Reef","Mariana Trench","Hudson Bay"]},{"category":"Geography","type":"multiple","difficulty":"hard","question":"When does Finland celebrate their independence day?","correct_answer":"December 6th","incorrect_answers":["January 2nd","November 12th","February 8th"]},{"category":"Geography","type":"multiple","difficulty":"hard","question":"What is the second-largest city in Lithuania?","correct_answer":"Kaunas","incorrect_answers":["Panev\u0117\u017eys","Vilnius","Klaip\u0117da"]},{"category":"Geography","type":"multiple","difficulty":"hard","question":"What is the land connecting North America and South America?","correct_answer":"Isthmus of Panama","incorrect_answers":["Isthmus of Suez","Urals","Australasia"]},{"category":"Geography","type":"multiple","difficulty":"hard","question":"What is the capital city of Bermuda?","correct_answer":"Hamilton","incorrect_answers":["Santo Dominigo","San Juan","Havana"]},{"category":"Geography","type":"multiple","difficulty":"hard","question":"What is the capital of Mauritius?","correct_answer":"Port Louis","incorrect_answers":["Port Moresby","Port Vila","Port-au-Prince"]},{"category":"Geography","type":"multiple","difficulty":"hard","question":"In which country is Tallinn located?","correct_answer":"Estonia","incorrect_answers":["Finland","Sweden","Poland"]},{"category":"Geography","type":"multiple","difficulty":"hard","question":"What is the most common climbing route for the second highest mountain in the world, K2?","correct_answer":"Abruzzi Spur","incorrect_answers":["Magic Line","Cesen Route","Polish Line"]},{"category":"Geography","type":"boolean","difficulty":"hard","question":"The two largest ethnic groups of Belgium are Flemish and Walloon. ","correct_answer":"True","incorrect_answers":["False"]},{"category":"Geography","type":"multiple","difficulty":"hard","question":"Into which basin does the Jordan River flow into?","correct_answer":"Dead Sea","incorrect_answers":["Aral Sea","Caspian Sea","Salton Sea"]},{"category":"Geography","type":"multiple","difficulty":"hard","question":"The emblem on the flag of the Republic of Tajikistan features a sunrise over mountains below what symbol?","correct_answer":"Crown","incorrect_answers":["Bird","Sickle","Tree"]},{"category":"Geography","type":"multiple","difficulty":"hard","question":"The Maluku islands (informally known as the Spice Islands) belong to which country?","correct_answer":"Indonesia","incorrect_answers":["Chile","New Zealand","Fiji"]},{"category":"Geography","type":"multiple","difficulty":"hard","question":"What national museum will you find in Cooperstown, New York?","correct_answer":"National Baseball Hall of Fame","incorrect_answers":["Metropolitan Museum of Art","National Toy Hall of Fame","Museum of Modern Art"]},{"category":"Geography","type":"multiple","difficulty":"hard","question":"Which of these cities is NOT in England?","correct_answer":"Edinburgh","incorrect_answers":["Oxford","Manchester","Southampton"]},{"category":"Geography","type":"multiple","difficulty":"hard","question":"Which country is the Taedong River in?","correct_answer":"North Korea","incorrect_answers":["South Korea","Japan","China"]},{"category":"Geography","type":"multiple","difficulty":"hard","question":"What is the capital of Wisconsin, USA?","correct_answer":"Madison","incorrect_answers":["Milwaukee","Wisconsin Dells","Green Bay"]},{"category":"Geography","type":"multiple","difficulty":"hard","question":"Which of these is NOT a real tectonic plate?","correct_answer":"Atlantic Plate","incorrect_answers":["North American Plate","Eurasian Plate","Nazca Plate"]},{"category":"Geography","type":"boolean","difficulty":"hard","question":"Only one country in the world starts with the letter Q.","correct_answer":"True","incorrect_answers":["False"]},{"category":"Geography","type":"multiple","difficulty":"hard","question":"Bir Tawil, an uninhabited track of land claimed by no country, is located along the border of which two countries?","correct_answer":"Egypt and Sudan","incorrect_answers":["Israel and Jordan","Chad and Libya","Iraq and Saudi Arabia"]},{"category":"Geography","type":"multiple","difficulty":"hard","question":"Which is not a country in Africa?","correct_answer":"Guyana","incorrect_answers":["Senegal","Liberia","Somalia"]},{"category":"Geography","type":"multiple","difficulty":"hard","question":"What is the largest freshwater lake by volume?","correct_answer":"Lake Baikal","incorrect_answers":["Lake Superior","Lake Huron","Lake Michigan"]}]}