{"response_code":0,"results":[{"category":"Geography","type":"multiple","difficulty":"easy","question":"The body of the Egyptian Sphinx was based on which animal?","correct_answer":"Lion","incorrect_answers":["Bull","Horse","Dog"]},{"category":"Geography","type":"multiple","difficulty":"easy","question":"What state is the largest state of the United States of America?","correct_answer":"Alaska","incorrect_answers":["California","Texas","Washington"]},{"category":"Geography","type":"multiple","difficulty":"easy","question":"What country is the second largest in the world by area?","correct_answer":"Canada","incorrect_answers":["Russia","China","United States of America"]},{"category":"Geography","type":"multiple","difficulty":"easy","question":"What is the capital of Indonesia?","correct_answer":"Jakarta","incorrect_answers":["Bandung","Medan","Palembang"]},{"category":"Geography","type":"multiple","difficulty":"easy","question":"Which of these is NOT an Australian state or territory?","correct_answer":"Alberta","incorrect_answers":["New South Wales","Victoria","Queensland"]},{"category":"Geography","type":"boolean","difficulty":"easy","question":"The Republic of Malta is the smallest microstate worldwide.","correct_answer":"False","incorrect_answers":["True"]},{"category":"Geography","type":"multiple","difficulty":"easy","question":"Which country does Austria not border?","correct_answer":"France","incorrect_answers":["Slovenia","Switzerland","Slovakia"]},{"category":"Geography","type":"multiple","difficulty":"easy","question":"What colour is the circle on the Japanese flag?","correct_answer":"Red","incorrect_answers":["White","Yellow","Black"]},{"category":"Geography","type":"multiple","difficulty":"easy","question":"What is the capital of Denmark?","correct_answer":"Copenhagen","incorrect_answers":["Aarhus","Odense","Aalborg"]},{"category":"Geography","type":"multiple","difficulty":"easy","question":"If soccer is called football in England, what is American football called in England?","correct_answer":"American football","incorrect_answers":["Combball","Handball","Touchdown"]},{"category":"Geography","type":"multiple","difficulty":"easy","question":"All of the following are classified as Finno-Ugric languages EXCEPT:","correct_answer":"Samoyedic","incorrect_answers":["Hungarian","Finnish","Estonian"]},{"category":"Geography","type":"boolean","difficulty":"easy","question":"There is a city called Rome in every continent on Earth.","correct_answer":"False","incorrect_answers":["True"]},{"category":"Geography","type":"multiple","difficulty":"easy","question":"Which of the following former Yugoslavian states is landlocked?","correct_answer":"Serbia","incorrect_answers":["Bosnia and Herzegovina","Montenegro","Croatia"]},{"category":"Geography","type":"multiple","difficulty":"easy","question":"What is the 15th letter of the Greek alphabet?","correct_answer":"Omicron (&Omicron;)","incorrect_answers":["Sigma (&Sigma;)","Pi (&Pi;)","Nu (&Nu;)"]},{"category":"Geography","type":"multiple","difficulty":"easy","question":"Which nation claims ownership of Antarctica?","correct_answer":"No one, but there are claims.","incorrect_answers":["United States of America","United Nations","Australia"]},{"category":"Geography","type":"multiple","difficulty":"easy","question":"Which US state has the highest population?","correct_answer":"California","incorrect_answers":["New York","Texas","Florida"]},{"category":"Geography","type":"multiple","difficulty":"easy","question":"How many time zones does China have?","correct_answer":"1","incorrect_answers":["3","4","2"]},{"category":"Geography","type":"multiple","difficulty":"easy","question":"How many countries does the United States share a land border with?","correct_answer":"2","incorrect_answers":["1","3","4"]},{"category":"Geography","type":"multiple","difficulty":"easy","question":"What is the official language of Costa Rica?","correct_answer":"Spanish","incorrect_answers":["English","Portuguese","Creole"]},{"category":"Geography","type":"multiple","difficulty":"easy","question":"Which of the following Arab countries does NOT have a flag containing only Pan-Arab colours?","correct_answer":"Qatar","incorrect_answers":["Kuwait","United Arab Emirates","Jordan"]},{"category":"Geography","type":"multiple","difficulty":"easy","question":"What country has a horizontal bicolor red and white flag?","correct_answer":"Monaco","incorrect_answers":["Bahrain","Malta","Liechenstein"]},{"category":"Geography","type":"multiple","difficulty":"easy","question":"Which of these is the name of the largest city in the US state Tennessee?","correct_answer":"Memphis","incorrect_answers":["Thebes","Alexandria","Luxor"]},{"category":"Geography","type":"multiple","difficulty":"easy","question":"Which UK country features a dragon on their flag?","correct_answer":"Wales","incorrect_answers":["England","North Ireland","Scotland"]},{"category":"Geography","type":"boolean","difficulty":"easy","question":"Ottawa is the capital of Canada.","correct_answer":"True","incorrect_answers":["False"]},{"category":"Geography","type":"boolean","difficulty":"easy","question":"There are no deserts in Europe.","correct_answer":"True","incorrect_answers":["False"]},{"category":"Geography","type":"multiple","difficulty":"easy","question":"What is the Capital of the United States?","correct_answer":"Washington, D.C.","incorrect_answers":["Los Angelas, CA","New York City, NY","Houston, TX"]},{"category":"Geography","type":"multiple","difficulty":"easy","question":"Which of these African countries list &quot;Spanish&quot; as an official language?","correct_answer":"Equatorial Guinea","incorrect_answers":["Guinea","Cameroon","Angola"]},{"category":"Geography","type":"boolean","difficulty":"easy","question":"Toronto is the capital city of the North American country of Canada.","correct_answer":"False","incorrect_answers":["True"]},{"category":"Geography","type":"multiple","difficulty":"easy","question":"What is the name of the peninsula containing Spain and Portugal?","correct_answer":"Iberian Peninsula","incorrect_answers":["European Peninsula","Peloponnesian Peninsula","Scandinavian Peninsula"]},{"category":"Geography","type":"multiple","difficulty":"easy","question":"What is the capital of the US State of New York?","correct_answer":"Albany","incorrect_answers":["Buffalo","New York","Rochester"]},{"category":"Geography","type":"multiple","difficulty":"easy","question":"The Space Needle is located in which city?","correct_answer":"Seattle","incorrect_answers":["Los Angles","Toronto","Vancouver"]},{"category":"Geography","type":"multiple","difficulty":"easy","question":"Harvard University is located in which city?","correct_answer":"Cambridge","incorrect_answers":["Providence","New York","Washington D.C."]},{"category":"Geography","type":"multiple","difficulty":"easy","question":"What is Canada&#039;s smallest province?","correct_answer":"Prince Edward Island","incorrect_answers":["New Brunswick","Nova Scotia","Yukon"]},{"category":"Geography","type":"multiple","difficulty":"easy","question":"What is the Polish city known to Germans as Danzig?","correct_answer":"Gda\u0144sk","incorrect_answers":["Warsaw","Zakopane","Pozna\u0144"]},{"category":"Geography","type":"multiple","difficulty":"easy","question":"How many countries does Mexico border?","correct_answer":"3","incorrect_answers":["2","4","1"]},{"category":"Geography","type":"multiple","difficulty":"easy","question":"What is the name of New Zealand&#039;s indigenous people?","correct_answer":"Maori","incorrect_answers":["Vikings","Polynesians","Samoans"]},{"category":"Geography","type":"multiple","difficulty":"easy","question":"What is the capital of India?","correct_answer":"New Delhi","incorrect_answers":["Bejing","Montreal","Tithi"]},{"category":"Geography","type":"boolean","difficulty":"easy","question":"Tokyo is the capital of Japan.","correct_answer":"True","incorrect_answers":["False"]},{"category":"Geography","type":"boolean","difficulty":"easy","question":"Hungary is the only country in the world beginning with H.","correct_answer":"False","incorrect_answers":["True"]},{"category":"Geography","type":"multiple","difficulty":"easy","question":"What is the largest country in the world?","correct_answer":"Russia","incorrect_answers":["Canada","China","United States"]},{"category":"Geography","type":"multiple","difficulty":"easy","question":"What is the capital of South Korea?","correct_answer":"Seoul","incorrect_answers":["Pyongyang","Taegu","Kitakyushu"]},{"category":"Geography","type":"multiple","difficulty":"easy","question":"What is the capital of Scotland?","correct_answer":"Edinburgh","incorrect_answers":["Glasgow","Dundee","London"]},{"category":"Geography","type":"boolean","difficulty":"easy","question":"Nova Scotia is on the east coast of Canada.","correct_answer":"True","incorrect_answers":["False"]},{"category":"Geography","type":"multiple","difficulty":"easy","question":"Which country was NOT part of the Soviet Union?","correct_answer":"Romania","incorrect_answers":["Turkmenistan","Belarus","Tajikistan"]},{"category":"Geography","type":"multiple","difficulty":"easy","question":"The Alps are a mountain range on which continent?","correct_answer":"Europe","incorrect_answers":["North America","Asia","Africa"]},{"category":"Geography","type":"multiple","difficulty":"easy","question":"Where would you find the &quot;Spanish Steps&quot;?","correct_answer":"Rome, Italy","incorrect_answers":["Barcelona, Spain","Berlin, Germany","London, England"]},{"category":"Geography","type":"boolean","difficulty":"easy","question":"There is an island in Japan called \u014ckunoshima, A.K.A. &quot;Rabbit Island&quot;, so named because of it&#039;s huge population of rabbits.","correct_answer":"True","incorrect_answers":["False"]},{"category":"Geography","type":"multiple","difficulty":"easy","question":"The longest shared border in the world can be found between which two nations?","correct_answer":"Canada and the United States","incorrect_answers":["Chile and Argentina","Russia and China","India and Pakistan"]},{"category":"Geography","type":"multiple","difficulty":"easy","question":"Greenland is a part of which kingdom?","correct_answer":"Denmark","incorrect_answers":["Sweden","Norway","United Kingdom"]},{"category":"Geography","type":"multiple","difficulty":"easy","question":"What is the largest country in the world ?","correct_answer":"Russian Federation","incorrect_answers":["China","Canada","Brazil"]}]}