{"response_code":0,"results":[{"category":"History","type":"multiple","difficulty":"easy","question":"Which one of these was not a beach landing site in the Invasion of Normandy?","correct_answer":"Silver","incorrect_answers":["Gold","Juno","Sword"]},{"category":"History","type":"multiple","difficulty":"easy","question":"King Henry VIII was the second monarch of which European royal house?","correct_answer":"Tudor","incorrect_answers":["York","Stuart","Lancaster"]},{"category":"History","type":"multiple","difficulty":"easy","question":"What was William Frederick Cody better known as?","correct_answer":"Buffalo Bill","incorrect_answers":["Billy the Kid","Wild Bill Hickok","Pawnee Bill"]},{"category":"History","type":"multiple","difficulty":"easy","question":"Which German field marshal was known as the `Desert Fox`?","correct_answer":"Erwin Rommel","incorrect_answers":["Ernst Busch","Wolfram Freiherr von Richthofen","Wilhelm List"]},{"category":"History","type":"multiple","difficulty":"easy","question":"Who discovered Penicillin?","correct_answer":"Alexander Flemming","incorrect_answers":["Marie Curie","Alfred Nobel","Louis Pasteur"]},{"category":"History","type":"boolean","difficulty":"easy","question":"The Cold War ended with Joseph Stalin&#039;s death.","correct_answer":"False","incorrect_answers":["True"]},{"category":"History","type":"boolean","difficulty":"easy","question":"The Tiananmen Square protests of 1989 were held in Hong Kong.","correct_answer":"False","incorrect_answers":["True"]},{"category":"History","type":"multiple","difficulty":"easy","question":"Which one of these tanks was designed and operated by the United Kingdom?","correct_answer":"Tog II","incorrect_answers":["M4 Sherman","Tiger H1","T-34"]},{"category":"History","type":"boolean","difficulty":"easy","question":"The Spitfire originated from a racing plane.","correct_answer":"True","incorrect_answers":["False"]},{"category":"History","type":"multiple","difficulty":"easy","question":"Which of the following African countries was most successful in resisting colonization?","correct_answer":"Ethiopia","incorrect_answers":["C&ocirc;te d&rsquo;Ivoire","Congo","Namibia"]},{"category":"History","type":"multiple","difficulty":"easy","question":"Which of the following ancient peoples was NOT classified as Hellenic (Greek)?","correct_answer":"Illyrians","incorrect_answers":["Dorians","Achaeans","Ionians"]},{"category":"History","type":"multiple","difficulty":"easy","question":"Which famous world leader is famed for the saying, &quot;Let them eat cake&quot;, yet is rumored that he\/she never said it at all?","correct_answer":"Marie Antoinette","incorrect_answers":["Czar Nicholas II","Elizabeth I","Henry VIII"]},{"category":"History","type":"multiple","difficulty":"easy","question":"The original Roman alphabet lacked the following letters EXCEPT:","correct_answer":"X","incorrect_answers":["W","U","J"]},{"category":"History","type":"multiple","difficulty":"easy","question":"Which of these countries remained neutral during World War II?","correct_answer":"Switzerland","incorrect_answers":["United Kingdom","France","Italy"]},{"category":"History","type":"boolean","difficulty":"easy","question":"The United States Department of Homeland Security was formed in response to the September 11th attacks.","correct_answer":"True","incorrect_answers":["False"]},{"category":"History","type":"multiple","difficulty":"easy","question":"What was Manfred von Richthofen&#039;s nickname?","correct_answer":"The Red Baron","incorrect_answers":["The High Flying Ace","The Blue Serpent ","The Germany Gunner"]},{"category":"History","type":"boolean","difficulty":"easy","question":"The United States was a member of the League of Nations.","correct_answer":"False","incorrect_answers":["True"]},{"category":"History","type":"multiple","difficulty":"easy","question":"Which modern day country is the region that was known as Phrygia in ancient times?","correct_answer":"Turkey","incorrect_answers":["Syria","Greece","Egypt"]},{"category":"History","type":"multiple","difficulty":"easy","question":"In which year did the Invasion of Kuwait by Iraq occur?","correct_answer":"1990","incorrect_answers":["1992","1988","1986"]},{"category":"History","type":"multiple","difficulty":"easy","question":"When did the Battle of the Somme begin?","correct_answer":"July 1st, 1916","incorrect_answers":["August 1st, 1916","July 2nd, 1916","June 30th, 1916"]},{"category":"History","type":"multiple","difficulty":"easy","question":"Who was the first president of the United States?","correct_answer":"George Washington","incorrect_answers":["James Madison","Thomas Jefferson","James K. Polk"]},{"category":"History","type":"boolean","difficulty":"easy","question":"Adolf Hitler was a german soldier in World War I.","correct_answer":"True","incorrect_answers":["False"]},{"category":"History","type":"multiple","difficulty":"easy","question":"In 1720, England was in massive debt, and became in involved in the South Sea Bubble. Who was the main mastermind behind it?","correct_answer":"John Blunt","incorrect_answers":["Daniel Defoe","Robert Harley","John Churchill"]},{"category":"History","type":"multiple","difficulty":"easy","question":"When was Google founded?","correct_answer":"September 4, 1998","incorrect_answers":["October 9, 1997","December 12, 1989","Feburary 7th, 2000"]},{"category":"History","type":"boolean","difficulty":"easy","question":"The United States of America declared their independence from the British Empire on July 4th, 1776.","correct_answer":"True","incorrect_answers":["False"]},{"category":"History","type":"multiple","difficulty":"easy","question":"Who was the Prime Minister of Japan when Japan declared war on the US?","correct_answer":"Hideki Tojo","incorrect_answers":["Michinomiya Hirohito","Isoroku Yamamoto","Fumimaro Konoe"]},{"category":"History","type":"multiple","difficulty":"easy","question":"What was the first sport to have been played on the moon?","correct_answer":"Golf","incorrect_answers":["Football","Tennis","Soccer"]},{"category":"History","type":"boolean","difficulty":"easy","question":"In World War ll, Great Britian used inflatable tanks on the ports of Great Britain to divert Hitler away from Normandy\/D-day landing.","correct_answer":"True","incorrect_answers":["False"]},{"category":"History","type":"multiple","difficulty":"easy","question":"How long did World War II last?","correct_answer":"6 years","incorrect_answers":["4 years","5 years","7 years"]},{"category":"History","type":"multiple","difficulty":"easy","question":"Which of the following countries was not an axis power during World War II?","correct_answer":" Soviet Union","incorrect_answers":["Italy","Germany","Japan"]},{"category":"History","type":"multiple","difficulty":"easy","question":"In 1939, Britain and France declared war on Germany after it invaded which country?","correct_answer":"Poland","incorrect_answers":["Czechoslovakia","Austria","Hungary"]},{"category":"History","type":"multiple","difficulty":"easy","question":"The &quot;Trail of Tears&quot; was a result of which United States President&#039;s Indian Removal Policy?","correct_answer":"Andrew Jackson","incorrect_answers":["Harry S. Truman","Martin Van Buren","John Quincy Adams"]},{"category":"History","type":"multiple","difficulty":"easy","question":"Who was among those killed in the 2010 Smolensk, Russia plane crash tragedy?","correct_answer":"The Polish President","incorrect_answers":["Pope John Paul II","Bang-Ding Ow","Albert Putin"]},{"category":"History","type":"multiple","difficulty":"easy","question":"To what political party did Abraham Lincoln belong when elected POTUS?","correct_answer":"Republican","incorrect_answers":["Democrat","Independent","Whig"]},{"category":"History","type":"boolean","difficulty":"easy","question":"The French Kingdom helped the United States gain their independence over Great Britain during the Revolutionary War.","correct_answer":"True","incorrect_answers":["False"]},{"category":"History","type":"multiple","difficulty":"easy","question":"How old was Adolf Hitler when he died?","correct_answer":"56","incorrect_answers":["43","65","47"]},{"category":"History","type":"multiple","difficulty":"easy","question":"Which modern country is known as &quot;The Graveyard of Empires&quot;?","correct_answer":"Afghanistan","incorrect_answers":["China","Iraq","Russia"]},{"category":"History","type":"multiple","difficulty":"easy","question":"Who led the Communist Revolution of Russia?","correct_answer":"Vladimir Lenin","incorrect_answers":["Joseph Stalin","Vladimir Putin","Mikhail Gorbachev"]},{"category":"History","type":"multiple","difficulty":"easy","question":"Which of the following was Brazil was a former colony under?","correct_answer":"Portugal","incorrect_answers":["Spain","The Netherlands","France"]},{"category":"History","type":"multiple","difficulty":"easy","question":"What is the historical name of Sri Lanka?","correct_answer":"Ceylon","incorrect_answers":["Myanmar","Colombo","Badulla"]},{"category":"History","type":"boolean","difficulty":"easy","question":"Thomas Crapper was a plumber who invented the flushing toilet.","correct_answer":"False","incorrect_answers":["True"]},{"category":"History","type":"multiple","difficulty":"easy","question":"In 1453, which important city fell?","correct_answer":"Constantinople","incorrect_answers":["Rome","Hamburg","Athens"]},{"category":"History","type":"multiple","difficulty":"easy","question":"What was the name commonly given to the ancient trade routes that connected the East and West of Eurasia?","correct_answer":"Silk Road","incorrect_answers":["Spice Road","Clay Road","Salt Road"]},{"category":"History","type":"multiple","difficulty":"easy","question":"On what street did the 1666 Great Fire of London start?","correct_answer":"Pudding Lane","incorrect_answers":["Baker Street","Houses of Parliament","St Paul&#039;s Cathedral"]},{"category":"History","type":"multiple","difficulty":"easy","question":"In what year was the M1911 pistol designed?","correct_answer":"1911","incorrect_answers":["1907","1899","1917"]},{"category":"History","type":"multiple","difficulty":"easy","question":"What does the United States of America celebrate during the 4th of July?","correct_answer":"The signing of the Declaration of Independence","incorrect_answers":["The anniversary of the Battle of Gettysburg","The crossing of the Delaware River","The ratification of the Constitution"]},{"category":"History","type":"multiple","difficulty":"easy","question":"Who rode on horseback to warn the Minutemen that the British were coming during the U.S. Revolutionary War?","correct_answer":"Paul Revere","incorrect_answers":["Thomas Paine","Henry Longfellow","Nathan Hale"]},{"category":"History","type":"multiple","difficulty":"easy","question":"Abolitionist John Brown raided the arsenal in which Virginia Town?","correct_answer":"Harper&#039;s Ferry","incorrect_answers":["Richmond","Harrisonburg","Martinsburg"]},{"category":"History","type":"multiple","difficulty":"easy","question":"The Ottoman Empire was dissolved after their loss in which war?","correct_answer":"World War I","incorrect_answers":["Crimean War","Serbian Revolution","Second Balkan War"]},{"category":"History","type":"multiple","difficulty":"easy","question":"Which famous military commander marched an army, which included war elephants, over the Alps during the Second Punic War?","correct_answer":"Hannibal","incorrect_answers":["Garmanicus","Alexander the Great","Tiberius"]}]}