{"response_code":0,"results":[{"category":"History","type":"multiple","difficulty":"hard","question":"With which Greek philosopher would you associate the phrase, &quot;I know that I know nothing&quot;?","correct_answer":"Socrates","incorrect_answers":["Aristotle","Plato","Pythagoras"]},{"category":"History","type":"multiple","difficulty":"hard","question":"When did the French Revolution begin?","correct_answer":"1789","incorrect_answers":["1823","1756","1799"]},{"category":"History","type":"multiple","difficulty":"hard","question":"Pianist Fr&eacute;d&eacute;ric Chopin was a composer of which musical era?","correct_answer":"Romantic","incorrect_answers":["Classic","Baroque","Renaissance"]},{"category":"History","type":"multiple","difficulty":"hard","question":"Which naval battle was considered the turning point of the Pacific Ocean Theater during World War 2?","correct_answer":"Battle of Midway","incorrect_answers":["Attack on Truk Island","Attack on Pearl Harbor","Battle of the Coral Sea"]},{"category":"History","type":"multiple","difficulty":"hard","question":"In the year 1900, what were the most popular first names given to boy and girl babies born in the United States?","correct_answer":"John and Mary","incorrect_answers":["Joseph and Catherine","William and Elizabeth","George and Anne"]},{"category":"History","type":"multiple","difficulty":"hard","question":"Spain was formed in 1469 with the marriage of Isabella I of Castile and Ferdinand II of what other Iberian kingdom?","correct_answer":"Aragon","incorrect_answers":["Galicia","Le&oacute;n","Navarre"]},{"category":"History","type":"multiple","difficulty":"hard","question":"What was the name of the spy ring that helped the United States win the Revolutionary War?","correct_answer":"Culper Ring","incorrect_answers":["New York Spy Ring","Washington&#039;s Spies","Unnamed"]},{"category":"History","type":"boolean","difficulty":"hard","question":"The Kingdom of Prussia briefly held land in Estonia.","correct_answer":"False","incorrect_answers":["True"]},{"category":"History","type":"multiple","difficulty":"hard","question":"When did Spanish Peninsular War start?","correct_answer":"1808","incorrect_answers":["1806","1810","1809"]},{"category":"History","type":"multiple","difficulty":"hard","question":"List the following Iranic empires in chronological order:","correct_answer":"Median, Achaemenid, Parthian, Sassanid","incorrect_answers":["Median, Achaemenid, Sassanid, Parthian","Achaemenid, Median, Parthian, Sassanid","Achaemenid, Median, Sassanid, Parthian"]},{"category":"History","type":"multiple","difficulty":"hard","question":"What age was King Henry V when he died?","correct_answer":"35","incorrect_answers":["62","87","73"]},{"category":"History","type":"multiple","difficulty":"hard","question":"What did the first vending machines in the early 1880&#039;s dispense?","correct_answer":"Post cards","incorrect_answers":["Alcohol","Cigarettes","Sodas "]},{"category":"History","type":"multiple","difficulty":"hard","question":"When was the SS or Schutzstaffel established?","correct_answer":"April 4th, 1925","incorrect_answers":["September 1st, 1941","March 8th, 1935","February 21st, 1926"]},{"category":"History","type":"multiple","difficulty":"hard","question":"During the Wars of the Roses (1455 - 1487) which Englishman was dubbed &quot;the Kingmaker&quot;?","correct_answer":"Richard Neville","incorrect_answers":["Richard III","Henry V","Thomas Warwick"]},{"category":"History","type":"boolean","difficulty":"hard","question":"The fourth funnel of the RMS Titanic was fake designed to make the ship look more powerful and symmetrical.","correct_answer":"True","incorrect_answers":["False"]},{"category":"History","type":"multiple","difficulty":"hard","question":"Bohdan Khmelnytsky was which of the following?","correct_answer":"Leader of the Ukrainian Cossacks","incorrect_answers":["General Secretary of the Communist Party of the USSR","Prince of Wallachia","Grand Prince of Novgorod"]},{"category":"History","type":"multiple","difficulty":"hard","question":"Which one of these rulers did not belong to the Habsburg dynasty?","correct_answer":"Philip V","incorrect_answers":["Charles V","Philip II","Francis Joseph"]},{"category":"History","type":"multiple","difficulty":"hard","question":"The Second Boer War in 1899 was fought where?","correct_answer":"South Africa","incorrect_answers":["Argentina","Nepal","Bulgaria"]},{"category":"History","type":"multiple","difficulty":"hard","question":"What was the real name of the Albanian national leader Skanderbeg?","correct_answer":"Gjergj Kastrioti","incorrect_answers":["Diturak Zhulati","Iskander Bejko","Mirash Krasniki"]},{"category":"History","type":"multiple","difficulty":"hard","question":"Who invented the &quot;Flying Shuttle&quot; in 1738; one of the key developments in the industrialization of weaving?","correct_answer":"John Kay","incorrect_answers":["James Hargreaves","Richard Arkwright","John Deere"]},{"category":"History","type":"multiple","difficulty":"hard","question":"What year was the United States Declaration of Independence signed?","correct_answer":"1776","incorrect_answers":["1775","1774","1777"]},{"category":"History","type":"multiple","difficulty":"hard","question":"What was Napoleon Bonaparte&#039;s name before he changed it?","correct_answer":"Napoleone di Buonaparte","incorrect_answers":["Naapolion van Bonijpaart","Napole&atilde;o do Boaparte","Napoleona de Buenoparte"]},{"category":"History","type":"multiple","difficulty":"hard","question":"During the Spanish Civil War (1936), Francisco Franco fought for which political faction?","correct_answer":"Nationalist Spain","incorrect_answers":["Republican Spain","Popular Front","Papal State"]},{"category":"History","type":"boolean","difficulty":"hard","question":"The Battle of Trafalgar took place on October 23rd, 1805","correct_answer":"False","incorrect_answers":["True"]},{"category":"History","type":"multiple","difficulty":"hard","question":"The Battle of Hastings was fought in which year?","correct_answer":"1066","incorrect_answers":["911","1204","1420"]},{"category":"History","type":"multiple","difficulty":"hard","question":"When was the city of Rome, Italy founded?","correct_answer":"753 BCE","incorrect_answers":["902 BCE","524 BCE","697 BCE"]},{"category":"History","type":"multiple","difficulty":"hard","question":"How many women joined the United States Armed Services during World War II?","correct_answer":"350,000","incorrect_answers":["225,000","100,000","500,000"]},{"category":"History","type":"boolean","difficulty":"hard","question":"The USS Missouri (BB-63) last served in the Korean War.","correct_answer":"False","incorrect_answers":["True"]},{"category":"History","type":"multiple","difficulty":"hard","question":"How long did the Warsaw Uprising during World War II last?","correct_answer":"63 Days","incorrect_answers":["20 Days","55 Days","224 Days"]},{"category":"History","type":"multiple","difficulty":"hard","question":"What was the aim of the &quot;Umbrella Revolution&quot; in Hong Kong in 2014?","correct_answer":"Genuine universal suffrage","incorrect_answers":["Gaining Independence","Go back under British Rule","Lower taxes"]},{"category":"History","type":"boolean","difficulty":"hard","question":"During the Winter War, the amount of Soviet Union soliders that died or went missing was five times more than Finland&#039;s.","correct_answer":"True","incorrect_answers":["False"]},{"category":"History","type":"multiple","difficulty":"hard","question":"The main objective of the German operation &quot;Case Blue&quot; during World War II was originally to capture what?","correct_answer":"Caucasus","incorrect_answers":["Stalingrad","Crimea","Voronezh"]},{"category":"History","type":"multiple","difficulty":"hard","question":"What was the last colony the UK ceded marking the end of the British Empire?","correct_answer":"Hong Kong","incorrect_answers":["India","Australia","Ireland"]},{"category":"History","type":"multiple","difficulty":"hard","question":"In addition to his career as an astrologer and &quot;prophet&quot;, Nostradamus published a 1555 treatise that included a section on what?","correct_answer":"Making jams and jellies","incorrect_answers":["Teaching parrots to talk","Cheating at card games","Digging graves"]},{"category":"History","type":"multiple","difficulty":"hard","question":"From 1940 to 1942, what was the capital-in-exile of Free France ?","correct_answer":"Brazzaville","incorrect_answers":["Algiers","Paris","Tunis"]},{"category":"History","type":"multiple","difficulty":"hard","question":"Which King of England was faced with the Peasants&#039; Revolt in 1381?","correct_answer":"Richard II","incorrect_answers":["Edward III","Edward II","Henry IV"]},{"category":"History","type":"multiple","difficulty":"hard","question":"Which English king was married to Eleanor of Aquitaine?","correct_answer":"Henry II","incorrect_answers":["Richard I","Henry I","Henry V"]},{"category":"History","type":"boolean","difficulty":"hard","question":"The man that shot Alexander Hamilton was named Aaron Burr.","correct_answer":"True","incorrect_answers":["False"]},{"category":"History","type":"multiple","difficulty":"hard","question":"Who assassinated President James A. Garfield?","correct_answer":"Charles Guiteau","incorrect_answers":["Sirhan Sirhan","Leon Czolgosz","John Wilkes Booth"]},{"category":"History","type":"multiple","difficulty":"hard","question":"The pantheon in Rome was used to worship what god?","correct_answer":"Any god they wanted","incorrect_answers":["Athena","Zeus","Both Athena and Zeus"]},{"category":"History","type":"multiple","difficulty":"hard","question":"During World War I, which nation&#039;s monarchs were blood related?","correct_answer":"England, Germany, Russia","incorrect_answers":["France, Russia, Germany","Serbia, Russia, Croatia","Germany, Spain, Austria"]},{"category":"History","type":"multiple","difficulty":"hard","question":"Which U.S. president was said to have been too honest to lie to his father about chopping down a cherry tree?","correct_answer":"George Washington","incorrect_answers":["Abraham Lincoln","Thomas Jefferson","James Monroe"]},{"category":"History","type":"multiple","difficulty":"hard","question":"The Bohemian Revolt (1618-1620) started after Protestants in Prague did what to their Catholic Lords Regents?","correct_answer":"Threw them out of a window","incorrect_answers":["Insulted their mothers","Locked them in stockades","Hung them."]},{"category":"History","type":"multiple","difficulty":"hard","question":"After the 1516 Battle of Marj Dabiq, the Ottoman Empire took control of Jerusalem from which sultanate?","correct_answer":"Mamluk","incorrect_answers":["Ayyubid","Ummayyad","Seljuq"]},{"category":"History","type":"multiple","difficulty":"hard","question":"The son of which pope supposedly held a lecherous f&ecirc;te involving 50 courtesans in the papal palace?","correct_answer":"Alexander VI","incorrect_answers":["Innocent V","Urban II","Pius III"]},{"category":"History","type":"multiple","difficulty":"hard","question":"The coat of arms of the King of Spain contains the arms from the monarchs of Castille, Leon, Aragon and which other former Iberian kingdom?","correct_answer":"Navarre","incorrect_answers":["Galicia","Granada","Catalonia"]},{"category":"History","type":"multiple","difficulty":"hard","question":"Which of the following physicists did NOT work on the Manhattan project?","correct_answer":"Murray Gell-Mann","incorrect_answers":["Richard Feynman","J. Robert Oppenheimer","John Von-Neumann"]},{"category":"History","type":"multiple","difficulty":"hard","question":"Which of these theoretical phycisists first predicted the existence of antimatter?","correct_answer":"Paul Dirac","incorrect_answers":["Niels Bohr","Albert Einstein","Werner Heisenberg"]},{"category":"History","type":"multiple","difficulty":"hard","question":"Which of these positions did the astronomer and physicist Isaac Newton not hold?","correct_answer":"Surveyor to the City of London","incorrect_answers":["Professor of Mathematics","Warden of the Royal Mint","Member of Parliament"]},{"category":"History","type":"multiple","difficulty":"hard","question":"Who is the creator of the soft drink, Dr. Pepper?","correct_answer":"Charles Alderton","incorrect_answers":["James Wellington","Johnson Hinsin","Boris Heviltik"]}]}