{"response_code":0,"results":[{"category":"History","type":"multiple","difficulty":"medium","question":"The seed drill was invented by which British inventor?","correct_answer":"Jethro Tull","incorrect_answers":["Charles Babbage","Isaac Newton","J.J Thomson"]},{"category":"History","type":"multiple","difficulty":"medium","question":"What event marked the start of World War II?","correct_answer":"Invasion of Poland (1939)","incorrect_answers":["Invasion of Russia (1942)","Battle of Britain (1940)","Invasion of Normandy (1944)"]},{"category":"History","type":"multiple","difficulty":"medium","question":" What Russian automatic gas-operated assault rifle was developed in the Soviet Union in 1947, and is still popularly used today?","correct_answer":"AK-47","incorrect_answers":["RPK","M16","MG 42"]},{"category":"History","type":"multiple","difficulty":"medium","question":"America&#039;s Strategic Defense System during the Cold War was nicknamed after this famous movie.","correct_answer":"Star Wars","incorrect_answers":["Jaws","Blade Runner","Alien"]},{"category":"History","type":"boolean","difficulty":"medium","question":"The two atomic bombs dropped on Japan by the United States in August 1945 were named &#039;Little Man&#039; and &#039;Fat Boy&#039;.","correct_answer":"False","incorrect_answers":["True"]},{"category":"History","type":"boolean","difficulty":"medium","question":"The first televised presidential debate was between Jimmy Carter and Gerald Ford.","correct_answer":"False","incorrect_answers":["True"]},{"category":"History","type":"boolean","difficulty":"medium","question":"In World War II, Hawker Typhoons served in the Pacific theater.","correct_answer":"False","incorrect_answers":["True"]},{"category":"History","type":"multiple","difficulty":"medium","question":"Who was the Prime Minister of the United Kingdom for most of World War II?","correct_answer":"Winston Churchill","incorrect_answers":["Neville Chamberlain","Harold Macmillan","Edward Heath"]},{"category":"History","type":"multiple","difficulty":"medium","question":"When did Jamaica recieve its independence from England? ","correct_answer":"1962","incorrect_answers":["1492","1963","1987"]},{"category":"History","type":"multiple","difficulty":"medium","question":"All of the following are names of the Seven Warring States EXCEPT:","correct_answer":"Zhai (\u7fdf)","incorrect_answers":["Zhao (\u8d99)","Qin (\u79e6)","Qi (\u9f4a)"]},{"category":"History","type":"multiple","difficulty":"medium","question":"Which of the following battles is often considered as marking the beginning of the fall of the Western Roman Empire?","correct_answer":"Battle of Adrianople","incorrect_answers":["Battle of Thessalonica","Battle of Pollentia","Battle of Constantinople"]},{"category":"History","type":"boolean","difficulty":"medium","question":"Assyrian king Sennacherib&#039;s destruction of Babylon in 689 BCE was viewed as a triumph by other Assyrian citizens.","correct_answer":"False","incorrect_answers":["True"]},{"category":"History","type":"multiple","difficulty":"medium","question":"When was the United States National Security Agency established?","correct_answer":"November 4, 1952","incorrect_answers":["July 26, 1908"," July 1, 1973"," November 25, 2002"]},{"category":"History","type":"multiple","difficulty":"medium","question":"When was &quot;The Gadget&quot;, the first nuclear device to be detonated, tested?","correct_answer":"July 16, 1945","incorrect_answers":["June 22, 1945","August 6, 1945","April 5, 1945"]},{"category":"History","type":"multiple","difficulty":"medium","question":"Which of these countries was NOT a part of the Soviet Union?","correct_answer":"Afghanistan","incorrect_answers":["Turkmenistan","Kazakhstan","Uzbekistan"]},{"category":"History","type":"multiple","difficulty":"medium","question":"In the War of the Pacific (1879 - 1883), Bolivia lost its access to the Pacific Ocean after being defeated by which South American country?","correct_answer":"Chile","incorrect_answers":["Peru","Brazil","Argentina"]},{"category":"History","type":"multiple","difficulty":"medium","question":"In what year did the North American Video Game Crash occur?","correct_answer":"1983","incorrect_answers":["1982","1993","1970"]},{"category":"History","type":"multiple","difficulty":"medium","question":"In what year was the video game company Electronic Arts founded?","correct_answer":"1982","incorrect_answers":["1999","1981","2005"]},{"category":"History","type":"multiple","difficulty":"medium","question":"Who tutored Alexander the Great?","correct_answer":"Aristotle","incorrect_answers":["Socrates","Plato","King Philip"]},{"category":"History","type":"multiple","difficulty":"medium","question":"Against which country did the Dutch Republic fight the Eighty Years&#039; War?","correct_answer":"Spain","incorrect_answers":["France","England","Portugal"]},{"category":"History","type":"multiple","difficulty":"medium","question":"Which WWII tank ace is credited with having destroyed the most tanks?","correct_answer":"Kurt Knispel","incorrect_answers":["Michael Wittmann","Walter Kniep","Otto Carius"]},{"category":"History","type":"multiple","difficulty":"medium","question":"Which Nation DID NOT have a Colony in Modern-day America?","correct_answer":"Portugal","incorrect_answers":["Spain","Sweden","Netherlands"]},{"category":"History","type":"multiple","difficulty":"medium","question":"What is the mnemonic device for remembering the fates of the wives of Henry VIII?","correct_answer":"Divorced, Beheaded, Died, Divorced, Beheaded, Survived","incorrect_answers":["Beheaded, Died, Divorced, Divorced, Beheaded, Survived","Died, Beheaded, Divorced, Beheaded, Survived, Divorced","Survived, Beheaded, Died, Divorced, Divorced, Beheaded"]},{"category":"History","type":"multiple","difficulty":"medium","question":"What was Genghis Khan&#039;s real name?","correct_answer":"Tem&uuml;jin","incorrect_answers":["M&ouml;ngke","&Ouml;gedei","Tem&uuml;r"]},{"category":"History","type":"multiple","difficulty":"medium","question":"Which American civilization is the source of the belief that the world would end or drastically change on December 21st, 2012?","correct_answer":"The Mayans","incorrect_answers":["The Incas","The Aztecs","The Navajos"]},{"category":"History","type":"multiple","difficulty":"medium","question":"When Christopher Columbus sailed to America, what was the first region he arrived in?","correct_answer":"The Bahamas Archipelago","incorrect_answers":["Florida","Isthmus of Panama","Nicaragua"]},{"category":"History","type":"multiple","difficulty":"medium","question":"What was the bloodiest single-day battle during the American Civil War?","correct_answer":"The Battle of Antietam","incorrect_answers":["The Siege of Vicksburg","The Battle of Gettysburg","The Battles of Chancellorsville"]},{"category":"History","type":"multiple","difficulty":"medium","question":"Who is attributed credit for recording the epic poem The Odyssey?","correct_answer":"Homer","incorrect_answers":["Aristotle","Odysseus","Socrates"]},{"category":"History","type":"multiple","difficulty":"medium","question":"What was the unofficial name for Germany between 1919 and 1933?","correct_answer":"Weimar Republic","incorrect_answers":["German Democratic Republic","Federal Republic of Germany","Oesterreich "]},{"category":"History","type":"multiple","difficulty":"medium","question":"Which U.S. president took part in the Potsdam Conference, where the Allies reached a peace settlement with Germany?","correct_answer":"Harry S. Truman","incorrect_answers":["Dwight D. Eisenhower","Franklin D. Roosevelt","Herbert Hoover"]},{"category":"History","type":"multiple","difficulty":"medium","question":"Who was the leader of the Communist Party of Yugoslavia ?","correct_answer":"Josip Broz Tito","incorrect_answers":["Karadjordje Petrovic","Milos Obilic","Aleskandar Petrovic"]},{"category":"History","type":"multiple","difficulty":"medium","question":"What was the name of one of the surviving palaces of Henry VIII located near Richmond, London?","correct_answer":"Hampton Court","incorrect_answers":["St James&#039;s Palace","Buckingham Palace","Coughton Court"]},{"category":"History","type":"multiple","difficulty":"medium","question":"What year did Australia become a federation?","correct_answer":"1901","incorrect_answers":["1910","1899","1911"]},{"category":"History","type":"multiple","difficulty":"medium","question":"In what year did Kentucky become the 15th state to join the union?","correct_answer":"1792","incorrect_answers":["1782","1798","1788"]},{"category":"History","type":"multiple","difficulty":"medium","question":"Which of the following countries was the first to send an object into space?","correct_answer":"Germany","incorrect_answers":["USA","Russia","China"]},{"category":"History","type":"multiple","difficulty":"medium","question":"In 1961, an American B-52 aircraft crashed and nearly detonated two 4mt nuclear bombs over which US city?","correct_answer":"Goldsboro, North Carolina","incorrect_answers":["Hicksville, New York","Jacksonville, Florida","Conway, Arkansas"]},{"category":"History","type":"multiple","difficulty":"medium","question":"The minigun was designed in 1960 by which manufacturer.","correct_answer":"General Electric","incorrect_answers":["Colt Firearms","Heckler &amp; Koch","Sig Sauer"]},{"category":"History","type":"multiple","difficulty":"medium","question":"What was the code name for the German invasion of the Soviet Union in WW2?","correct_answer":"Operation Barbarossa","incorrect_answers":["Operation Kaiserschlact","Operation Unthinkable","Operation Molotov"]},{"category":"History","type":"multiple","difficulty":"medium","question":"When was the Grand Patriotic War in the USSR concluded?","correct_answer":"May 9th, 1945","incorrect_answers":["September 2nd, 1945","August 9th, 1945","December 11th, 1945"]},{"category":"History","type":"multiple","difficulty":"medium","question":"Which of the following Presidents of the United States was assassinated?","correct_answer":"William McKinley","incorrect_answers":["Lyndon Johnson","Chester Arthur","Franklin Roosevelt"]},{"category":"History","type":"multiple","difficulty":"medium","question":"The Korean War started in what year?","correct_answer":"1950","incorrect_answers":["1945","1960","1912"]},{"category":"History","type":"multiple","difficulty":"medium","question":"In 1845, a series of wars named after which indigenous people began in New Zealand?","correct_answer":"M\u0101ori","incorrect_answers":["Papuans","Aborigines","Polynesians"]},{"category":"History","type":"multiple","difficulty":"medium","question":"Who was the first Chancellor of a united Germany in 1871? ","correct_answer":"Otto Von Bismark","incorrect_answers":["Kaiser Wilhelm ","Fredrick the 2nd","Robert Koch"]},{"category":"History","type":"multiple","difficulty":"medium","question":"Which Louis was known as &#039;The Sun King of France&#039;?","correct_answer":"Louis XIV","incorrect_answers":["Louis XIII","Louis XV","Louis XVI"]},{"category":"History","type":"multiple","difficulty":"medium","question":"In what year did Texas secede from Mexico?","correct_answer":"1836","incorrect_answers":["1838","1845","1844"]},{"category":"History","type":"multiple","difficulty":"medium","question":"When did O, Canada officially become the national anthem?","correct_answer":"1980","incorrect_answers":["1950","1920","1880"]},{"category":"History","type":"multiple","difficulty":"medium","question":"The Thirty Years War ended with which treaty?","correct_answer":"Peace of Westphalia","incorrect_answers":["Treaty of Versailles","Treaty of Paris","Peace of Prague"]},{"category":"History","type":"boolean","difficulty":"medium","question":"Franz Joseph I was the last emperor of Austria.","correct_answer":"False","incorrect_answers":["True"]},{"category":"History","type":"multiple","difficulty":"medium","question":"Which of these founding fathers of the United States of America later became president?","correct_answer":"James Monroe","incorrect_answers":["Alexander Hamilton","Samuel Adams","Roger Sherman"]},{"category":"History","type":"multiple","difficulty":"medium","question":"Which Nazi General was known as the &quot;Desert Fox&quot;?","correct_answer":"Erwin Rommel","incorrect_answers":["Gerd von Rundstadt","Wilhelm Keitel","Heinz Guderian "]}]}