{"response_code":0,"results":[{"category":"Vehicles","type":"multiple","difficulty":"easy","question":"Where are the cars of the brand &quot;Ferrari&quot; manufactured?","correct_answer":"Italy","incorrect_answers":["Romania","Germany","Russia"]},{"category":"Vehicles","type":"multiple","difficulty":"easy","question":"The Italian automaker Lamborghini uses what animal as its logo?","correct_answer":"Bull","incorrect_answers":["Bat","Horse","Snake"]},{"category":"Vehicles","type":"multiple","difficulty":"easy","question":"Which Italian city is home of the car manufacturer &#039;Fiat&#039;?","correct_answer":"Turin","incorrect_answers":["Maranello","Modena","Rome"]},{"category":"Vehicles","type":"multiple","difficulty":"easy","question":"Which of the following car manufacturers had a war named after it?","correct_answer":"Toyota","incorrect_answers":["Honda","Ford","Volkswagen"]},{"category":"Vehicles","type":"multiple","difficulty":"easy","question":"Jaguar Cars was previously owned by which car manfacturer?","correct_answer":"Ford","incorrect_answers":["Chrysler","General Motors","Fiat"]},{"category":"Vehicles","type":"multiple","difficulty":"easy","question":"What UK Train does NOT go over 125MPH?","correct_answer":"Sprinter","incorrect_answers":["Class 43","Javelin","Pendolino"]},{"category":"Vehicles","type":"multiple","difficulty":"easy","question":"Which of the following collision avoidance systems helps airplanes avoid colliding with each other?","correct_answer":"TCAS","incorrect_answers":["GPWS","OCAS","TAWS"]},{"category":"Vehicles","type":"multiple","difficulty":"easy","question":"Which of these companies does NOT manufacture motorcycles?","correct_answer":"Toyota","incorrect_answers":["Honda","Kawasaki","Yamaha"]},{"category":"Vehicles","type":"boolean","difficulty":"easy","question":"The full English name of the car manufacturer BMW is Bavarian Motor Works","correct_answer":"True","incorrect_answers":["False"]},{"category":"Vehicles","type":"multiple","difficulty":"easy","question":"Automobiles produced by Telsa Motors operate on which form of energy?","correct_answer":"Electricity","incorrect_answers":["Gasoline","Diesel","Nuclear"]},{"category":"Vehicles","type":"multiple","difficulty":"easy","question":"Which car tire manufacturer is famous for its &quot;Eagle&quot; brand of tires, and is the official tire supplier of NASCAR?","correct_answer":"Goodyear","incorrect_answers":["Pirelli","Bridgestone","Michelin"]},{"category":"Vehicles","type":"multiple","difficulty":"easy","question":"Which car tire manufacturer is famous for its &quot;P Zero&quot; line?","correct_answer":"Pirelli","incorrect_answers":["Goodyear","Bridgestone","Michelin"]},{"category":"Vehicles","type":"multiple","difficulty":"easy","question":"What are the cylinder-like parts that pump up and down within the engine?","correct_answer":"Pistons","incorrect_answers":["Leaf Springs","Radiators","ABS"]},{"category":"Vehicles","type":"multiple","difficulty":"easy","question":"The LS1 engine is how many cubic inches?","correct_answer":"346","incorrect_answers":["350","355","360"]},{"category":"Vehicles","type":"multiple","difficulty":"easy","question":"The LS2 engine is how many cubic inches?","correct_answer":"364","incorrect_answers":["346","376","402"]},{"category":"Vehicles","type":"multiple","difficulty":"easy","question":"The LS7 engine is how many cubic inches?","correct_answer":"427","incorrect_answers":["346","364","376"]},{"category":"Vehicles","type":"multiple","difficulty":"easy","question":"The LS3 engine is how many cubic inches?","correct_answer":"376","incorrect_answers":["346","364","427"]},{"category":"Vehicles","type":"multiple","difficulty":"easy","question":"What is the name of Nissan&#039;s most popular electric car?","correct_answer":"Leaf","incorrect_answers":["Tree","Deer","Roots"]},{"category":"Vehicles","type":"boolean","difficulty":"easy","question":"BMW M GmbH is a subsidiary of BMW AG that focuses on car performance.","correct_answer":"True","incorrect_answers":["False"]},{"category":"Vehicles","type":"multiple","difficulty":"easy","question":"What country was the Trabant 601 manufactured in?","correct_answer":"East Germany","incorrect_answers":["Soviet Union","Hungary","France"]},{"category":"Vehicles","type":"multiple","difficulty":"easy","question":"What is the fastest road legal car in the world?","correct_answer":"Koenigsegg Agera RS","incorrect_answers":["Hennessy Venom GT","Bugatti Veyron Super Sport","Pagani Huayra BC"]}]}