{"response_code":0,"results":[{"category":"Vehicles","type":"boolean","difficulty":"hard","question":"In 1993 Swedish car manufacturer Saab experimented with replacing the steering wheel with a joystick in a Saab 9000.","correct_answer":"True","incorrect_answers":["False"]},{"category":"Vehicles","type":"multiple","difficulty":"hard","question":"What was the name of the first front-wheel-drive car produced by Datsun (now Nissan)?","correct_answer":"Cherry","incorrect_answers":["Sunny","Bluebird","Skyline"]},{"category":"Vehicles","type":"multiple","difficulty":"hard","question":"The difference between the lengths of a Boeing 777-300ER and an Airbus A350-1000 is closest to:","correct_answer":"0.1m","incorrect_answers":["1m","10m ","100m"]},{"category":"Vehicles","type":"multiple","difficulty":"hard","question":"Which of these is NOT a car model produced by Malaysian car manufacturer Proton?","correct_answer":"Kelisa","incorrect_answers":["Saga","Perdana","Inspira"]},{"category":"Vehicles","type":"multiple","difficulty":"hard","question":"Which one of these chassis codes are used by BMW 3-series?","correct_answer":"E46","incorrect_answers":["E39","E85","F10"]},{"category":"Vehicles","type":"multiple","difficulty":"hard","question":"Which car is the first mass-produced hybrid vehicle?","correct_answer":"Toyota Prius","incorrect_answers":["Chevrolet Volt","Honda Fit","Peugeot 308 R HYbrid"]},{"category":"Vehicles","type":"multiple","difficulty":"hard","question":"Which Variable Valve Timing technology is used by BMW?","correct_answer":"VANOS","incorrect_answers":["VVT-iw","VVEL","MultiAir"]},{"category":"Vehicles","type":"multiple","difficulty":"hard","question":"How much horsepower is produced by the SD40-2 Locomotive?","correct_answer":"3,000","incorrect_answers":["3,200","2,578","2,190"]},{"category":"Vehicles","type":"multiple","difficulty":"hard","question":"What engine is in the Lexus SC400?","correct_answer":"1UZ-FE","incorrect_answers":["2JZ-GTE","7M-GTE","5M-GE"]},{"category":"Vehicles","type":"multiple","difficulty":"hard","question":"Volkswagen&#039;s legendary VR6 engine has cylinders positioned at what degree angle?","correct_answer":"15 Degree","incorrect_answers":["30 Degree","45 Degree","90 Degree"]},{"category":"Vehicles","type":"multiple","difficulty":"hard","question":"Which one of the following is NOT a sub-company of the Volkswagen Group?","correct_answer":"Opel","incorrect_answers":["Porsche","Bugatti","Bentley"]},{"category":"Vehicles","type":"multiple","difficulty":"hard","question":"In 2014, over 6 million General Motors vehicles were recalled due to what critical flaw?","correct_answer":"Faulty ignition switch","incorrect_answers":["Malfunctioning gas pedal","Breaking fuel lines","Faulty brake pads"]},{"category":"Vehicles","type":"multiple","difficulty":"hard","question":"What model was the sports car gifted to Yuri Gagarin by the French government in 1965?","correct_answer":"Matra Djet","incorrect_answers":["Porsche 911","Alpine A110","AC Cobra"]},{"category":"Vehicles","type":"multiple","difficulty":"hard","question":"Which Audi does not use Haldex based all wheel drive system?","correct_answer":"Audi A8","incorrect_answers":["Audi TT","Audi S3","Audi A3"]},{"category":"Vehicles","type":"multiple","difficulty":"hard","question":"What year did the Chevrolet LUV mini truck make its debut?","correct_answer":"1972","incorrect_answers":["1982","1975","1973"]},{"category":"Vehicles","type":"multiple","difficulty":"hard","question":"What kind of train was Stepney, a train on the Bluebell Railway notable for his appearance in &quot;The Railway Series&quot;?","correct_answer":"LB&amp;SCR A1X","incorrect_answers":["LB&amp;SCR E2","LB&amp;SCR J1","LB&amp;SCR D1"]},{"category":"Vehicles","type":"multiple","difficulty":"hard","question":"What car manufacturer gave away their patent for the seat-belt in the interest of saving lives?","correct_answer":"Volvo","incorrect_answers":["Ferrari","Ford","Renault"]},{"category":"Vehicles","type":"boolean","difficulty":"hard","question":"The term &quot;GTO&quot; was originated by Ferrari?","correct_answer":"True","incorrect_answers":["False"]}]}