{"response_code":0,"results":[{"category":"Vehicles","type":"multiple","difficulty":"medium","question":"Which animal features on the logo for Abarth, the motorsport division of Fiat?","correct_answer":"Scorpion","incorrect_answers":["Snake","Bull","Horse"]},{"category":"Vehicles","type":"multiple","difficulty":"medium","question":"What part of an automobile engine uses lobes to open and close intake and exhaust valves, and allows an air\/fuel mixture into the engine?","correct_answer":"Camshaft","incorrect_answers":["Piston","Drive shaft","Crankshaft"]},{"category":"Vehicles","type":"multiple","difficulty":"medium","question":"Which country has the international vehicle registration letter &#039;A&#039;?","correct_answer":"Austria","incorrect_answers":["Afghanistan","Australia","Armenia"]},{"category":"Vehicles","type":"multiple","difficulty":"medium","question":"Which Japanese company is the world&#039;s largest manufacturer of motorcycles?","correct_answer":"Honda","incorrect_answers":["Yamaha","Suzuki","Kawasaki"]},{"category":"Vehicles","type":"multiple","difficulty":"medium","question":"What country is the Hussarya supercar, made by the car manufacturer &quot;Arrinera&quot;, assembled in?","correct_answer":"Poland","incorrect_answers":["China","Sweden","Italy"]},{"category":"Vehicles","type":"multiple","difficulty":"medium","question":"Which of the following is NOT a Russian car manufacturer?","correct_answer":"BYD","incorrect_answers":["Silant","Dragon","GAZ"]},{"category":"Vehicles","type":"boolean","difficulty":"medium","question":"The Japanese Shinkansen beat the French TGV&#039;s speed record for fastest electric rail train.","correct_answer":"False","incorrect_answers":["True"]},{"category":"Vehicles","type":"multiple","difficulty":"medium","question":"Which of the following countries has officially banned the civilian use of dash cams in cars?","correct_answer":"Austria","incorrect_answers":["United States","Czechia","South Korea"]},{"category":"Vehicles","type":"multiple","difficulty":"medium","question":"Which of the following passenger jets is the longest?","correct_answer":"Boeing 747-8","incorrect_answers":["Airbus A350-1000","Airbus A330-200","Boeing 787-10"]},{"category":"Vehicles","type":"multiple","difficulty":"medium","question":"Enzo Ferrari was originally an auto racer for what manufacturer before founding his own car company?","correct_answer":"Alfa Romeo","incorrect_answers":["Auto Union","Mercedes Benz","Bentley"]},{"category":"Vehicles","type":"multiple","difficulty":"medium","question":"Complete the following analogy: Audi is to Volkswagen as Infiniti is to ?","correct_answer":"Nissan","incorrect_answers":["Honda","Hyundai","Subaru"]},{"category":"Vehicles","type":"multiple","difficulty":"medium","question":"Which of the following vehicles featured a full glass roof at base model?","correct_answer":"Renault Avantime","incorrect_answers":["Chevy Volt","Mercedes-Benz A-Class","Honda Odyssey"]},{"category":"Vehicles","type":"multiple","difficulty":"medium","question":"Which of the following car models has been badge-engineered (rebadged) the most?","correct_answer":"Isuzu Trooper","incorrect_answers":["Holden Monaro","Suzuki Swift","Chevy Camaro"]},{"category":"Vehicles","type":"boolean","difficulty":"medium","question":"The Chevrolet Corvette has always been made exclusively with V8 engines only.","correct_answer":"False","incorrect_answers":["True"]},{"category":"Vehicles","type":"multiple","difficulty":"medium","question":"When was Tesla founded?","correct_answer":"2003","incorrect_answers":["2008","2005","2007"]},{"category":"Vehicles","type":"multiple","difficulty":"medium","question":"Which supercar company is from Sweden?","correct_answer":"Koenigsegg","incorrect_answers":["Bugatti","Lamborghini","McLaren"]},{"category":"Vehicles","type":"multiple","difficulty":"medium","question":"Which car brand does NOT belong to General Motors?","correct_answer":"Ford","incorrect_answers":["Buick","Cadillac","Chevrolet"]},{"category":"Vehicles","type":"multiple","difficulty":"medium","question":"Which of these car models are produced by Lamborghini?","correct_answer":"Aventador","incorrect_answers":["Huayra","918","Chiron"]},{"category":"Vehicles","type":"boolean","difficulty":"medium","question":"When BMW was established in 1916, it was producing automobiles.","correct_answer":"False","incorrect_answers":["True"]},{"category":"Vehicles","type":"multiple","difficulty":"medium","question":"What do the 4 Rings in Audi&#039;s Logo represent?","correct_answer":"Previously independent automobile manufacturers","incorrect_answers":["States in which Audi makes the most sales","Main cities vital to Audi","Countries in which Audi makes the most sales"]},{"category":"Vehicles","type":"multiple","difficulty":"medium","question":"Which one is NOT the function of engine oil in car engines?","correct_answer":"Combustion","incorrect_answers":["Lubrication","Cooling","Reduce corrosion"]},{"category":"Vehicles","type":"boolean","difficulty":"medium","question":"Arriva is owned by the Deutsche Bahn.","correct_answer":"True","incorrect_answers":["False"]},{"category":"Vehicles","type":"boolean","difficulty":"medium","question":"Ferrari has never made a V10 engine for any of its cars.","correct_answer":"False","incorrect_answers":["True"]},{"category":"Vehicles","type":"boolean","difficulty":"medium","question":"The General Motors EV1 was the first street-legal production electric vehicle.","correct_answer":"False","incorrect_answers":["True"]},{"category":"Vehicles","type":"boolean","difficulty":"medium","question":"Bugatti was an Italian car manufacturer.","correct_answer":"False","incorrect_answers":["True"]},{"category":"Vehicles","type":"multiple","difficulty":"medium","question":"When was Cadillac founded?","correct_answer":"1902","incorrect_answers":["1964","1898","1985"]},{"category":"Vehicles","type":"multiple","difficulty":"medium","question":"Which one of the following is not made by Ford?","correct_answer":"Camry","incorrect_answers":["Fusion","Model A","F-150"]},{"category":"Vehicles","type":"multiple","difficulty":"medium","question":"What nickname was given to Air Canada Flight 143 after it ran out of fuel and glided to safety in 1983?","correct_answer":"Gimli Glider","incorrect_answers":["Gimli Microlight","Gimli Chaser","Gimli Superb"]},{"category":"Vehicles","type":"multiple","difficulty":"medium","question":"Which car manufacturer created the &quot;Aventador&quot;?","correct_answer":"Lamborghini","incorrect_answers":["Ferrari","Pagani","Bugatti"]},{"category":"Vehicles","type":"boolean","difficulty":"medium","question":"The majority of Subaru vehicles are made in China.","correct_answer":"False","incorrect_answers":["True"]},{"category":"Vehicles","type":"boolean","difficulty":"medium","question":"The snowmobile was invented by Canadian Joseph-Armand Bombardier in 1937.","correct_answer":"True","incorrect_answers":["False"]},{"category":"Vehicles","type":"multiple","difficulty":"medium","question":"Which of these cars is NOT considered one of the 5 Modern Supercars by Ferrari?","correct_answer":"Testarossa","incorrect_answers":["Enzo Ferrari","F40","288 GTO"]}]}