{"response_code":0,"results":[{"category":"Entertainment: Music","type":"multiple","difficulty":"easy","question":"In the  Rossini opera, what was the name of &#039;The Barber of Seville&#039;?","correct_answer":"Figaro","incorrect_answers":["Angelo","Fernando","Dave"]},{"category":"Entertainment: Music","type":"multiple","difficulty":"easy","question":"Who wrote the Sinead O`Connor hit &#039;Nothing Compares 2 U&#039;?","correct_answer":"Prince","incorrect_answers":["Michael Jackson","Cameo","Rick James"]},{"category":"Entertainment: Music","type":"multiple","difficulty":"easy","question":"Which rap group released the album &quot;Straight Outta Compton&quot;?","correct_answer":"N.W.A","incorrect_answers":["Wu-Tang Clan","Run-D.M.C.","Beastie Boys"]},{"category":"Entertainment: Music","type":"multiple","difficulty":"easy","question":"Ringo Starr of The Beatles mainly played what instrument?","correct_answer":"Drums","incorrect_answers":["Bass","Guitar","Piano"]},{"category":"Entertainment: Music","type":"boolean","difficulty":"easy","question":"The music video to The Buggle&#039;s &quot;Video Killed the Radio Star&quot; was the first music video to broadcast on MTV.","correct_answer":"True","incorrect_answers":["False"]},{"category":"Entertainment: Music","type":"multiple","difficulty":"easy","question":"Who is the frontman of the band 30 Seconds to Mars?","correct_answer":"Jared Leto","incorrect_answers":["Gerard Way","Matthew Bellamy","Mike Shinoda"]},{"category":"Entertainment: Music","type":"multiple","difficulty":"easy","question":"What is the best selling album of all time from 1976 to 2018?","correct_answer":"Thriller","incorrect_answers":["Back in Black","Abbey Road","The Dark Side of the Moon"]},{"category":"Entertainment: Music","type":"multiple","difficulty":"easy","question":"Which country does the band Rammstein hail from?","correct_answer":"Germany","incorrect_answers":["Austria","Armenia","Belgium"]},{"category":"Entertainment: Music","type":"multiple","difficulty":"easy","question":"Who is the lead singer of the band Coldplay?","correct_answer":"Chris Martin","incorrect_answers":["Chris Isaak","Chris Wallace","Chris Connelly"]},{"category":"Entertainment: Music","type":"multiple","difficulty":"easy","question":"How many members are there in the band Nirvana?","correct_answer":"Three","incorrect_answers":["Two","Four","Five"]},{"category":"Entertainment: Music","type":"multiple","difficulty":"easy","question":"Which member of the Foo Fighters was previously the drummer for Nirvana?","correct_answer":"Dave Grohl","incorrect_answers":["Taylor Hawkins","Nate Mendel","Chris Shiflett"]},{"category":"Entertainment: Music","type":"boolean","difficulty":"easy","question":"Eurobeat is primarily an Italian genre of music.","correct_answer":"True","incorrect_answers":["False"]},{"category":"Entertainment: Music","type":"boolean","difficulty":"easy","question":"American rapper Dr. Dre actually has a Ph.D. doctorate.","correct_answer":"False","incorrect_answers":["True"]},{"category":"Entertainment: Music","type":"multiple","difficulty":"easy","question":"What is the name of Finnish DJ Darude&#039;s hit single released in October 1999?","correct_answer":"Sandstorm","incorrect_answers":["Dust Devil","Sirocco","Khamsin"]},{"category":"Entertainment: Music","type":"multiple","difficulty":"easy","question":"Finish these lyrics from the 2016 song &quot;Panda&quot; by Desiigner: &quot;I got broads in _______&quot;.","correct_answer":"Atlanta","incorrect_answers":["Savannah","Augusta","Marietta"]},{"category":"Entertainment: Music","type":"multiple","difficulty":"easy","question":"Which Twitch streamer is the vocalist for Red Vox?","correct_answer":"Vinesauce","incorrect_answers":["The8BitDrummer","LIRIK","Sodapoppin"]},{"category":"Entertainment: Music","type":"multiple","difficulty":"easy","question":"Who is the lead singer of the British pop rock band Coldplay?","correct_answer":"Chris Martin","incorrect_answers":["Jonny Buckland","Guy Berryman","Will Champion"]},{"category":"Entertainment: Music","type":"multiple","difficulty":"easy","question":"Brian May was the guitarist for which band?","correct_answer":"Queen","incorrect_answers":["Pink Floyd","Rolling Stones","The Doors"]},{"category":"Entertainment: Music","type":"multiple","difficulty":"easy","question":"What is the stage name of English female rapper Mathangi Arulpragasam, who is known for the song &quot;Paper Planes&quot;?","correct_answer":"M.I.A.","incorrect_answers":["K.I.A.","C.I.A.","A.I.A."]},{"category":"Entertainment: Music","type":"multiple","difficulty":"easy","question":"What was Rage Against the Machine&#039;s debut album?","correct_answer":"Rage Against the Machine","incorrect_answers":["Evil Empire","Bombtrack","The Battle Of Los Angeles"]},{"category":"Entertainment: Music","type":"multiple","difficulty":"easy","question":"Which Beatles album does NOT feature any of the band members on it&#039;s cover?","correct_answer":"The Beatles (White Album)","incorrect_answers":["Rubber Soul","Abbey Road","Magical Mystery Tour"]},{"category":"Entertainment: Music","type":"multiple","difficulty":"easy","question":"Sting, the lead vocalist of The Police, primarily plays what instrument?","correct_answer":"Bass Guitar","incorrect_answers":["Drums","Guitar","Keyboards"]},{"category":"Entertainment: Music","type":"multiple","difficulty":"easy","question":"In an orchestra, what is the lowest member of the brass family?","correct_answer":"Tuba","incorrect_answers":["Trombone","Contrabass","Bassoon"]},{"category":"Entertainment: Music","type":"boolean","difficulty":"easy","question":"The alternative rock band, They Might Be Giants, released their album &#039;Flood&#039; in 1990. ","correct_answer":"True","incorrect_answers":["False"]},{"category":"Entertainment: Music","type":"multiple","difficulty":"easy","question":"Kanye West at 2009 VMA&#039;s interrupted which celebrity?","correct_answer":"Taylor Swift","incorrect_answers":["MF DOOM","Beyonce","Beck"]},{"category":"Entertainment: Music","type":"multiple","difficulty":"easy","question":"According to the American rapper Nelly, what should you do when its hot in here?","correct_answer":"Take off all your clothes","incorrect_answers":["Take a cool shower","Drink some water","Go skinny dipping"]},{"category":"Entertainment: Music","type":"boolean","difficulty":"easy","question":"The song &quot;Stronger Than You&quot; is a single by Estelle, who played Garnet in Steven Universe.","correct_answer":"True","incorrect_answers":["False"]},{"category":"Entertainment: Music","type":"multiple","difficulty":"easy","question":"From which country did the song &quot;Gangnam Style&quot; originate from?","correct_answer":"South Korea","incorrect_answers":["Japan","North Korea","China"]},{"category":"Entertainment: Music","type":"multiple","difficulty":"easy","question":"Which 80s band is fronted by singer\/guitarist Robert Smith?","correct_answer":"The Cure","incorrect_answers":["The Smiths","Echo &amp; the Bunnymen","New Order"]},{"category":"Entertainment: Music","type":"multiple","difficulty":"easy","question":"Which Nirvana album had a naked baby on the cover?","correct_answer":"Nevermind","incorrect_answers":["Bleach","In Utero","Incesticide"]},{"category":"Entertainment: Music","type":"multiple","difficulty":"easy","question":"Kanye West&#039;s &quot;Gold Digger&quot; featured which Oscar-winning actor?","correct_answer":"Jamie Foxx","incorrect_answers":["Alec Baldwin","Dwayne Johnson"," Bruce Willis"]},{"category":"Entertainment: Music","type":"multiple","difficulty":"easy","question":"What was the best selling album of 2015?","correct_answer":"Adele, 25","incorrect_answers":["Fetty Wap, Fetty Wap","Taylor Swift, 1989","Justin Bieber, Purpose"]},{"category":"Entertainment: Music","type":"multiple","difficulty":"easy","question":"Which song on Daft Punk&#039;s &quot;Random Access Memories&quot; features Pharrell Williams?","correct_answer":"Get Lucky","incorrect_answers":["Doin&#039; It Right","Instant Crush","The Game of Love"]},{"category":"Entertainment: Music","type":"multiple","difficulty":"easy","question":"Which of the following songs did Elton John perform following Princess Diane&#039;s passing?","correct_answer":"Candles in the Wind","incorrect_answers":["I Guess That&#039;s Why They Call It The Blues","Your Song","Island Girl"]},{"category":"Entertainment: Music","type":"boolean","difficulty":"easy","question":"Michael Jackson wrote The Simpsons song &quot;Do the Bartman&quot;.","correct_answer":"False","incorrect_answers":["True"]},{"category":"Entertainment: Music","type":"multiple","difficulty":"easy","question":"What is the frontman&#039;s name of the metal band Megadeth?","correct_answer":"Dave Mustaine","incorrect_answers":["Rob Halford","Vince Neil","James Hetfield"]},{"category":"Entertainment: Music","type":"multiple","difficulty":"easy","question":"Which group performs the song &quot;Crash into Me&quot;?","correct_answer":"Dave Matthews Band","incorrect_answers":["Phish","The Grateful Dead","Destiny&#039;s Child"]},{"category":"Entertainment: Music","type":"multiple","difficulty":"easy","question":"&quot;Doctor Jones&quot;, &quot;Turn Back Time&quot; and &quot;Barbie Girl&quot; were UK number ones for which Eurodance group?","correct_answer":"Aqua","incorrect_answers":["Vengaboys","Eiffel 65","Sash!"]},{"category":"Entertainment: Music","type":"boolean","difficulty":"easy","question":"The 2011 movie &quot;The Adventures of Tintin&quot; was directed by Steven Spielberg.","correct_answer":"True","incorrect_answers":["False"]},{"category":"Entertainment: Music","type":"multiple","difficulty":"easy","question":"The &quot;British Invasion&quot; was a cultural phenomenon in music where British boy bands became popular in the USA in what decade?","correct_answer":"60&#039;s","incorrect_answers":["50&#039;s","40&#039;s","30&#039;s"]},{"category":"Entertainment: Music","type":"multiple","difficulty":"easy","question":"Which punk rock band released hit songs such as &quot;Californication&quot;, &quot;Can&#039;t Stop&quot; and &quot;Under the Bridge&quot;?","correct_answer":"Red Hot Chilli Peppers","incorrect_answers":["Green Day","Linkin Park","Foo Fighters"]},{"category":"Entertainment: Music","type":"multiple","difficulty":"easy","question":"Who was &quot;Kung Fu Fighting&quot; in 1974?","correct_answer":"Carl Douglas","incorrect_answers":["The Bee Gees","Heatwave","Kool &amp; the Gang"]},{"category":"Entertainment: Music","type":"multiple","difficulty":"easy","question":"How many strings are there on a cello?","correct_answer":"4","incorrect_answers":["5","6","8"]},{"category":"Entertainment: Music","type":"multiple","difficulty":"easy","question":"Which music publication is often abbreviated to NME?","correct_answer":"New Musical Express","incorrect_answers":["New Metro Entertainment","Next Musical Enterprise","North Manchester Express"]},{"category":"Entertainment: Music","type":"boolean","difficulty":"easy","question":"John Williams composed the music for &quot;Star Wars&quot;.","correct_answer":"True","incorrect_answers":["False"]},{"category":"Entertainment: Music","type":"multiple","difficulty":"easy","question":"What Led Zeppelin album contains &quot;Stairway to Heaven&quot;?","correct_answer":"Led Zeppelin IV","incorrect_answers":["Houses of the Holy","Physical Graffiti","Led Zeppelin III"]},{"category":"Entertainment: Music","type":"multiple","difficulty":"easy","question":"&quot;Hallelujah&quot; is a song written by which Canadian recording artist?","correct_answer":"Leonard Cohen","incorrect_answers":["Kory Lefkowits","Ryan Letourneau ","Justin Bieber "]},{"category":"Entertainment: Music","type":"multiple","difficulty":"easy","question":"Which of these are NOT a Men at Work song?","correct_answer":"Basket Case","incorrect_answers":["Dr. Heckyll and Mr. Jive","Who Can It Be Now?","Be Good Johnny"]},{"category":"Entertainment: Music","type":"multiple","difficulty":"easy","question":"Who is the lead singer of Foo Fighters?","correct_answer":"Dave Grohl","incorrect_answers":["Dave Mustaine","James Hetfield","Little Red Riding Hood"]},{"category":"Entertainment: Music","type":"multiple","difficulty":"easy","question":"Which of the following is an album by punk rock band Anti-Flag?","correct_answer":"For Blood And Empire","incorrect_answers":["Infinity On High","21st Century Breakdown","No Pads, No Helmets...Just Balls"]}]}