{"response_code":0,"results":[{"category":"Entertainment: Music","type":"multiple","difficulty":"medium","question":"Who had hits in the 70s with the songs &quot;Lonely Boy&quot; and &quot;Never Let Her Slip Away&quot;?","correct_answer":"Andrew Gold","incorrect_answers":["Elton John","Leo Sayer","Barry White "]},{"category":"Entertainment: Music","type":"multiple","difficulty":"medium","question":"Typically, how many keys are on a piano?","correct_answer":"88","incorrect_answers":["24","12","96"]},{"category":"Entertainment: Music","type":"boolean","difficulty":"medium","question":"Arcade Fire&#039;s &#039;The Suburbs&#039; won the Album of the Year award in the 2011 Grammys.","correct_answer":"True","incorrect_answers":["False"]},{"category":"Entertainment: Music","type":"multiple","difficulty":"medium","question":"Saul Hudson (Slash) of the band Guns N&#039; Roses is known for playing what type of guitar?","correct_answer":"Les Paul Standard","incorrect_answers":["Fender Stratocaster","LsL Mongrel","Gretsch Falcon"]},{"category":"Entertainment: Music","type":"multiple","difficulty":"medium","question":"The song &quot;Twin Size Mattress&quot; was written by which band?","correct_answer":"The Front Bottoms","incorrect_answers":["Twenty One Pilots","The Wonder Years","The Smith Street Band"]},{"category":"Entertainment: Music","type":"multiple","difficulty":"medium","question":"Who is the Pink Floyd song &quot;Shine On You Crazy Diamond&quot; written about?","correct_answer":"Syd Barrett","incorrect_answers":["John Lennon","David Gilmour","Floyd"]},{"category":"Entertainment: Music","type":"multiple","difficulty":"medium","question":"Who is the primary lyricist for Canadian progressive rock band Rush?","correct_answer":"Neil Peart","incorrect_answers":["Geddy Lee","Alex Lifeson","John Rutsey"]},{"category":"Entertainment: Music","type":"multiple","difficulty":"medium","question":"According to a Beatles song, who kept her face in a jar by the door?","correct_answer":"Eleanor Rigby","incorrect_answers":["Loretta Martin","Molly Jones","Lady Madonna"]},{"category":"Entertainment: Music","type":"multiple","difficulty":"medium","question":"Which singer was featured in Swedish producer Avicii&#039;s song &quot;Wake Me Up&quot;?","correct_answer":"Aloe Blacc","incorrect_answers":["John Legend","CeeLo Green","Pharrell Williams"]},{"category":"Entertainment: Music","type":"multiple","difficulty":"medium","question":"Which country is singer Kyary Pamyu Pamyu from?","correct_answer":"Japan","incorrect_answers":["South Korea","China","Vietnam"]},{"category":"Entertainment: Music","type":"boolean","difficulty":"medium","question":"Norwegian producer Kygo released a remix of the song &quot;Sexual Healing&quot; by Marvin Gaye.","correct_answer":"True","incorrect_answers":["False"]},{"category":"Entertainment: Music","type":"multiple","difficulty":"medium","question":"In which city did American rap producer DJ Khaled originate from?","correct_answer":"Miami","incorrect_answers":["New York","Detroit","Atlanta"]},{"category":"Entertainment: Music","type":"multiple","difficulty":"medium","question":"EDM producer Marshmello performs live wearing clothes and a marshmallow mask of what colour?","correct_answer":"White","incorrect_answers":["Black","Blue","Yellow"]},{"category":"Entertainment: Music","type":"multiple","difficulty":"medium","question":"Madonna&#039;s song &quot;Hung Up&quot; includes a piece from which popular 70s song?","correct_answer":"Gimmie! Gimmie! Gimme! (A Man After Midnight)","incorrect_answers":["Staying Alive","Night Fever","The Chain"]},{"category":"Entertainment: Music","type":"multiple","difficulty":"medium","question":"Which Toronto landmark was featured on the cover art of Canadian rapper Drake&#039;s 2016 album &quot;Views&quot;?","correct_answer":"CN Tower","incorrect_answers":["Allan Gardens","Union Station","Prince of Wales Theatre"]},{"category":"Entertainment: Music","type":"multiple","difficulty":"medium","question":"EDM record label Monstercat is based in which country?","correct_answer":"Canada","incorrect_answers":["United States","Australia","United Kingdom"]},{"category":"Entertainment: Music","type":"multiple","difficulty":"medium","question":"Who is the lead singer of Silverchair?","correct_answer":"Daniel Johns","incorrect_answers":["Ben Gillies","Chris Joannou","George Costanza"]},{"category":"Entertainment: Music","type":"multiple","difficulty":"medium","question":"What animal is featured on the cover of English electronic music group The Prodigy&#039;s album, &quot;The Fat of the Land&quot;?","correct_answer":"Crab","incorrect_answers":["Fox","Elephant","Tiger"]},{"category":"Entertainment: Music","type":"multiple","difficulty":"medium","question":"Pink Floyd made this song for their previous lead singer Syd Barrett.","correct_answer":"Shine On You Crazy Diamond","incorrect_answers":["Wish You Were Here","Have A Cigar","Welcome to the Machine"]},{"category":"Entertainment: Music","type":"multiple","difficulty":"medium","question":"May 16th of every year is known as __________ Day, named after a punk band prominent in the 1990s.","correct_answer":"Lagwagon","incorrect_answers":["Goldfinger","Less Than Jake","Lit"]},{"category":"Entertainment: Music","type":"multiple","difficulty":"medium","question":"What is the relationship between the band members of American rock band King of Leon?","correct_answer":"Brothers &amp; cousins","incorrect_answers":["Childhood friends","Former classmates","Fraternity house members"]},{"category":"Entertainment: Music","type":"multiple","difficulty":"medium","question":"Which of these is NOT a name of an album released by American rapper Pitbull?","correct_answer":"Welcome to Miami","incorrect_answers":["Dale","Global Warming","Armando"]},{"category":"Entertainment: Music","type":"multiple","difficulty":"medium","question":"Who is the frontman of Muse?","correct_answer":"Matt Bellamy","incorrect_answers":["Dominic Howard","Thom Yorke","Jonny Greenwood"]},{"category":"Entertainment: Music","type":"boolean","difficulty":"medium","question":"&quot;Twenty One Pilots&quot; made the song &quot;The Motion&quot; featuring Sampha.","correct_answer":"False","incorrect_answers":["True"]},{"category":"Entertainment: Music","type":"multiple","difficulty":"medium","question":"What musician made the song &quot;Fuckin` Perfect&quot; in 2010?","correct_answer":"P!nk","incorrect_answers":["Mitis","Adam lambert","Koven"]},{"category":"Entertainment: Music","type":"boolean","difficulty":"medium","question":"3 members of 2 Live Crew were arrested for playing songs from their album, As Nasty As They Wanna Be, live.","correct_answer":"True","incorrect_answers":["False"]},{"category":"Entertainment: Music","type":"multiple","difficulty":"medium","question":"Who is the lead singer of The Lumineers?","correct_answer":"Wesley Schultz","incorrect_answers":["Jeremiah Fraites","Jay Van Dyke","Neyla Pekarek"]},{"category":"Entertainment: Music","type":"multiple","difficulty":"medium","question":"How many members are in the Japanese rock band SCANDAL?","correct_answer":"4","incorrect_answers":["5","2","18"]},{"category":"Entertainment: Music","type":"boolean","difficulty":"medium","question":"Pink Guy&#039;s debut album was &quot;Pink Season&quot;.","correct_answer":"False","incorrect_answers":["True"]},{"category":"Entertainment: Music","type":"multiple","difficulty":"medium","question":"Ellie Goulding&#039;s earliest album was named?","correct_answer":"Lights","incorrect_answers":["Halcyon","Bright Lights","Halcyon Days"]},{"category":"Entertainment: Music","type":"multiple","difficulty":"medium","question":"Which of these is NOT a song by Pegboard Nerds?","correct_answer":"WiFi Tears","incorrect_answers":["Swamp Thing","Emoji","BAMF"]},{"category":"Entertainment: Music","type":"multiple","difficulty":"medium","question":"Who was the lead singer and frontman of rock band R.E.M?","correct_answer":"Michael Stipe","incorrect_answers":["Chris Martin","Thom Yorke","George Michael"]},{"category":"Entertainment: Music","type":"multiple","difficulty":"medium","question":"What is rapper Drake&#039;s real name?","correct_answer":"Aubrey Graham","incorrect_answers":["Shaun Carter","Dwayne Carter","Andre Young"]},{"category":"Entertainment: Music","type":"multiple","difficulty":"medium","question":"Which of these bands was a featuring artist in Compton rapper Kendrick Lamar&#039;s 2017 album, &quot;DAMN.&quot;?","correct_answer":"U2","incorrect_answers":["Radiohead","Coldplay","Bon Jovi"]},{"category":"Entertainment: Music","type":"multiple","difficulty":"medium","question":"Which of these songs did Jimi Hendrix cover?","correct_answer":"All of these songs","incorrect_answers":["Sgt. Pepper&#039;s Lonely Hearts Club Band","All Along the Watchtower","House of the Rising Sun"]},{"category":"Entertainment: Music","type":"multiple","difficulty":"medium","question":"Who is the lead singer of the Smashing Pumpkins?","correct_answer":"Billy Corgan","incorrect_answers":["Brett Scallions","Eddie Vedder","Chino Moreno"]},{"category":"Entertainment: Music","type":"multiple","difficulty":"medium","question":"Which of these Johns was murdered by gunshots outside the Dakota in New York in 1980?","correct_answer":"John Lennon","incorrect_answers":["Johnny Thunders","John Denver","John Cascella"]},{"category":"Entertainment: Music","type":"multiple","difficulty":"medium","question":"According to the RIAA: Which artist has sold the most albums by the million?","correct_answer":"The Beatles","incorrect_answers":["Elvis Presley","Michael Jackson","Pink Floyd"]},{"category":"Entertainment: Music","type":"multiple","difficulty":"medium","question":"Which novelty band was best known for their UK chart hits &quot;Combine Harvester&quot; and &quot;I Am a Cider Drinker&quot; in 1976?","correct_answer":"The Wurzels","incorrect_answers":["Goldie Lookin Chain","Bonzo Dog Doo-Dah Band","The Firm"]},{"category":"Entertainment: Music","type":"multiple","difficulty":"medium","question":"Who was walking like an Egyptian in 1981?","correct_answer":"The Bangles","incorrect_answers":["R.E.M.","The Ocean Blue","The Connells"]},{"category":"Entertainment: Music","type":"multiple","difficulty":"medium","question":"Which song previously recorded by Elvis Presley was covered by UB40 with a reggae beat?","correct_answer":"Can&#039;t Help Falling in Love","incorrect_answers":["Jailhouse Rock","In the Ghetto","Wooden Heart"]},{"category":"Entertainment: Music","type":"multiple","difficulty":"medium","question":"Rick Astley&#039;s hit song &quot;Never Gonna Give You Up&quot; was released in what year?","correct_answer":"1987","incorrect_answers":["1985","1986","1988"]},{"category":"Entertainment: Music","type":"multiple","difficulty":"medium","question":"Which member of the British pop group &quot;The Spice Girls&quot; was known as Ginger Spice?","correct_answer":"Geri Halliwell","incorrect_answers":["Melanie Brown","Emma Bunton","Victoria Beckham"]},{"category":"Entertainment: Music","type":"multiple","difficulty":"medium","question":"What was Britney Spears&#039; debut single?","correct_answer":"...Baby One More Time","incorrect_answers":["Oops!... I Did It Again","(You Drive Me) Crazy","Toxic"]},{"category":"Entertainment: Music","type":"boolean","difficulty":"medium","question":"&quot;Neutral Milk Hotel&quot; is a real band.","correct_answer":"True","incorrect_answers":["False"]},{"category":"Entertainment: Music","type":"multiple","difficulty":"medium","question":"What was The Velvet Underground&#039;s first album called?","correct_answer":"The Velvet Underground &amp; Nico","incorrect_answers":["Loaded","The Velvet Underground","White Light \/ White Heat"]},{"category":"Entertainment: Music","type":"multiple","difficulty":"medium","question":"Which of these is not a song on the album Graduation by Kanye West?","correct_answer":"Waves","incorrect_answers":["I Wonder","Big Brother","The Glory"]},{"category":"Entertainment: Music","type":"multiple","difficulty":"medium","question":"Who was the guitarist in the band &quot;The Doors&quot;?","correct_answer":"Robby Krieger","incorrect_answers":["Eric Clapton","John Densmore","Jimi Hendrix"]},{"category":"Entertainment: Music","type":"multiple","difficulty":"medium","question":"The Proclaimers - I&#039;m Gonna Be (500 Miles) reached what position on the US Hot 100 Charts in 1993?","correct_answer":"3rd","incorrect_answers":["8th","1st","5th"]},{"category":"Entertainment: Music","type":"multiple","difficulty":"medium","question":"Which of the following music bands is not from Finland?","correct_answer":"Sabaton","incorrect_answers":["Apocalyptica","Waltari","Lordi"]}]}