{"response_code":0,"results":[{"category":"Entertainment: Music","type":"multiple","difficulty":"hard","question":"Which Elton John hit starts with the line &quot;When are you gonna come down&quot;?","correct_answer":"Goodbye Yellow Brick Road","incorrect_answers":["Rocket Man","Bennie and the Jets","Crocodile Rock"]},{"category":"Entertainment: Music","type":"multiple","difficulty":"hard","question":"What was the last Aphex Twin album released before his decade-long hiatus?","correct_answer":"Drukqs","incorrect_answers":["Windowlicker","Syro","Collected Ambient Works 85-92"]},{"category":"Entertainment: Music","type":"multiple","difficulty":"hard","question":"Which of these songs was released in 1996?","correct_answer":"The Smashing Pumpkins - &quot;1979&quot;","incorrect_answers":["Prince - &quot;1999&quot;","James Blunt - &quot;1973&quot;","David Bowie - &quot;1984&quot;"]},{"category":"Entertainment: Music","type":"multiple","difficulty":"hard","question":"Who was the original drummer for The Beatles?","correct_answer":"Tommy Moore","incorrect_answers":["Ringo Starr","Stuart Sutcliffe","Pete Best"]},{"category":"Entertainment: Music","type":"multiple","difficulty":"hard","question":"Who had a 1981 hit with the song &quot;Japanese Boy&quot;?","correct_answer":"Aneka","incorrect_answers":["Toyah","Sandra","Madonna"]},{"category":"Entertainment: Music","type":"multiple","difficulty":"hard","question":"Which song in rapper Kanye West&#039;s album &quot;The Life of Pablo&quot; features Rihanna?","correct_answer":"Famous","incorrect_answers":["Wolves","Ultralight Beam","Highlights"]},{"category":"Entertainment: Music","type":"multiple","difficulty":"hard","question":"Who was not in the band &quot;The Smiths&quot;?","correct_answer":"Martin Chambers","incorrect_answers":["Morrissey","Andy Rourke","Mike Joyce"]},{"category":"Entertainment: Music","type":"multiple","difficulty":"hard","question":"Which of these aliases has NOT been used by electronic musician Aphex Twin?","correct_answer":"Burial","incorrect_answers":["Caustic Window","Bradley Strider","GAK"]},{"category":"Entertainment: Music","type":"multiple","difficulty":"hard","question":"Which of these artists did NOT remix the song &quot;Faded&quot; by Alan Walker?","correct_answer":"Skrillex","incorrect_answers":["Ti&euml;sto","Slushii","Dash Berlin"]},{"category":"Entertainment: Music","type":"multiple","difficulty":"hard","question":"What is the name of the 2016 mixtape released by Venezuelan electronic producer Arca?","correct_answer":"Entra&ntilde;as","incorrect_answers":["&amp;&amp;&amp;&amp;&amp;&amp;","Sheep","Xen"]},{"category":"Entertainment: Music","type":"multiple","difficulty":"hard","question":"What is the British term for a 64th note?","correct_answer":"Hemidemisemiquaver","incorrect_answers":["Semihemidemisemiquaver","Semiquaver","Demisemiquaver"]},{"category":"Entertainment: Music","type":"multiple","difficulty":"hard","question":"Who won the 1989 Drum Corps International championships?","correct_answer":"Santa Clara Vanguard","incorrect_answers":["Blue Devils","The Academy","The Bluecoats"]},{"category":"Entertainment: Music","type":"multiple","difficulty":"hard","question":"Which Death Grips album is the only one to feature a band member?","correct_answer":"No Love Deep Web","incorrect_answers":["Bottomless Pit","The Money Store","The Powers That B"]},{"category":"Entertainment: Music","type":"multiple","difficulty":"hard","question":"What is the English title of the vaporwave track &quot;\u30ea\u30b5\u30d5\u30e9\u30f3\u30af420 \/ \u73fe\u4ee3\u306e\u30b3\u30f3\u30d4\u30e5\u30fc&quot; by Macintosh Plus (Vektroid)?","correct_answer":"Lisa Frank 420 \/ Modern Computing","incorrect_answers":["Smoke Weed 420 \/ Everyday","Make Your Move 420 \/ My Mind","It&#039;s All In Your Head 420 \/ Understand"]},{"category":"Entertainment: Music","type":"multiple","difficulty":"hard","question":"What year was Huun Huur Tu&#039;s album Altai Sayan Tandy-Uula released? ","correct_answer":"2004","incorrect_answers":["1993","2006","2010"]},{"category":"Entertainment: Music","type":"multiple","difficulty":"hard","question":"The key of sharps does the key of G# minor contain?","correct_answer":"5","incorrect_answers":["3","7","0"]},{"category":"Entertainment: Music","type":"multiple","difficulty":"hard","question":"In Kendrick Lamar&#039;s 2012 album, &quot;Good Kid, M.A.A.D City&quot;, the album&#039;s story takes place in which city?","correct_answer":"Compton","incorrect_answers":["Detroit","New York","Baltimore"]},{"category":"Entertainment: Music","type":"multiple","difficulty":"hard","question":"This album, now considered to be one of the greatest of all time, was a commercial failure when it was released.","correct_answer":"The Velvet Underground and Nico","incorrect_answers":["Abbey Road","Led Zeppelin IV","Pet Sounds"]},{"category":"Entertainment: Music","type":"multiple","difficulty":"hard","question":"Who designed the album cover for True Romance, an album by Estelle?","correct_answer":"Rebecca Sugar","incorrect_answers":["Matt Burnett","Ian Jones Quartey","Ben Leven"]},{"category":"Entertainment: Music","type":"multiple","difficulty":"hard","question":"Which album was released by Kanye West in 2013?","correct_answer":"Yeezus","incorrect_answers":["My Beautiful Dark Twisted Fantasy","The Life of Pablo","Watch the Throne"]},{"category":"Entertainment: Music","type":"multiple","difficulty":"hard","question":"&quot;All the Boys&quot; by Panic! At the Disco was released as a bonus track on what album?","correct_answer":"Too Weird To Live, Too Rare To Die!","incorrect_answers":["A Fever You Can&#039;t Sweat Out","Death Of A Bachelor","Vices &amp; Virtues"]},{"category":"Entertainment: Music","type":"boolean","difficulty":"hard","question":"The band STRFKR was also briefly known as Pyramiddd.","correct_answer":"True","incorrect_answers":["False"]},{"category":"Entertainment: Music","type":"multiple","difficulty":"hard","question":"What is the name of the song by Beyonc&eacute; and Alejandro Fern&aacute;ndez released in 2007?","correct_answer":"Amor Gitano","incorrect_answers":["La ultima vez","Rocket","Hasta Dondes Estes"]},{"category":"Entertainment: Music","type":"multiple","difficulty":"hard","question":"Who wrote the song &quot;You Know You Like It&quot;?","correct_answer":"AlunaGeorge","incorrect_answers":["DJ Snake","Steve Aoki","Major Lazer"]},{"category":"Entertainment: Music","type":"multiple","difficulty":"hard","question":"Which company did the animation for Peter Gabriel&#039;s Video Sledgehammer (1986)?","correct_answer":"Aardman Animations","incorrect_answers":["HIT Entertainment","Illumination Entertainment","VIZ Media"]},{"category":"Entertainment: Music","type":"multiple","difficulty":"hard","question":"What is the first Studio Album to be released on the Internet with a &quot;Pay-What-You-Want&quot; price?","correct_answer":"In Rainbows","incorrect_answers":["The Help Album","Skrillex and Diplo Present Jack &Uuml;","Blackstar"]},{"category":"Entertainment: Music","type":"multiple","difficulty":"hard","question":"Which of Michael Jackson&#039;s albums sold the most copies?","correct_answer":"Thriller","incorrect_answers":["Dangerous","Bad","Off the Wall"]},{"category":"Entertainment: Music","type":"multiple","difficulty":"hard","question":"What year was Min Yoongi from South Korea boy band &quot;BTS&quot; born in?","correct_answer":"1993","incorrect_answers":["1992","1995","1994"]},{"category":"Entertainment: Music","type":"multiple","difficulty":"hard","question":"The heavy metal band Black Sabbath hail from which English city?","correct_answer":"Birmingham","incorrect_answers":["Manchester","London","Newcastle-Upon-Tyne"]},{"category":"Entertainment: Music","type":"multiple","difficulty":"hard","question":"Who is a pioneer of &quot;Minimal Music&quot; in 1960s?","correct_answer":"Steve Reich","incorrect_answers":["Wolfgang Amadeus Mozart","Brian Eno","Sigur R&oacute;s"]},{"category":"Entertainment: Music","type":"multiple","difficulty":"hard","question":"Pete Townshend collaborated with which famous guitarist for an event at Brixton Academy in 1985?","correct_answer":"David Gilmour","incorrect_answers":["Jimmy Page","Mark Knopfler","Eric Clapton"]},{"category":"Entertainment: Music","type":"boolean","difficulty":"hard","question":"Pete Townshend&#039;s solo album, &quot;White City: A Novel&quot;, is set in the metropolitan area of Chicago.","correct_answer":"False","incorrect_answers":["True"]},{"category":"Entertainment: Music","type":"multiple","difficulty":"hard","question":"Which lyric is about Red Hot Chili Peppers frontman Anthony Kiedis?","correct_answer":"&quot;A rainy Lithuanian \/ Is dancing as an Indian&quot;","incorrect_answers":["&quot;Fly away on, my zephyr \/ I feel it more than ever&quot;","&quot;And I liked the dimple in your chin \/ Your pale blue eyes&quot;","&quot;You used to be so warm and affectionate...but now you&#039;re quick to get into your regret&quot;"]},{"category":"Entertainment: Music","type":"multiple","difficulty":"hard","question":"What was the name of the cold-war singer who has a song in Grand Theft Auto IV, and a wall landmark in Moscow for his memorial?","correct_answer":"Viktor Tsoi","incorrect_answers":["Jimi Hendrix","Brian Jones","Vladimir Vysotsky"]},{"category":"Entertainment: Music","type":"multiple","difficulty":"hard","question":"Bj&ouml;rk&#039;s &quot;Unison&quot; contains a sample of which Oval song?","correct_answer":"Aero Deck","incorrect_answers":["Textuell","Panorama","Do While"]},{"category":"Entertainment: Music","type":"multiple","difficulty":"hard","question":"What was the name of the rock band that Nobuo Uematsu formed that played songs from various Final Fantasy games?","correct_answer":"The Black Mages","incorrect_answers":["The Final Fantasies","The Espers","The Rock Summoners"]},{"category":"Entertainment: Music","type":"boolean","difficulty":"hard","question":"The song Scatman&#039;s World was released after Scatman (Ski-Ba-Bop-Ba-Dop-Bop).","correct_answer":"True","incorrect_answers":["False"]},{"category":"Entertainment: Music","type":"multiple","difficulty":"hard","question":"What is the first track on the Dave Matthews Band album &quot;Before These Crowded Streets&quot;?","correct_answer":"Pantala Naga Pampa","incorrect_answers":["Stay (Wasting Time)","Rapunzel","Don&#039;t Drink The Water"]},{"category":"Entertainment: Music","type":"multiple","difficulty":"hard","question":"Chino Moreno is the lead singer of which alternative metal band?","correct_answer":"Deftones","incorrect_answers":["Tool","Korn","Type O Negative"]},{"category":"Entertainment: Music","type":"multiple","difficulty":"hard","question":"Pamina and Papageno are characters in what Mozart opera?","correct_answer":"The Magic Flute","incorrect_answers":["The Marriage of Figaro","The Impresario","The Goose of Cairo"]},{"category":"Entertainment: Music","type":"boolean","difficulty":"hard","question":"The singer Billie Holiday was also known as &quot;Lady Day&quot;.","correct_answer":"True","incorrect_answers":["False"]},{"category":"Entertainment: Music","type":"multiple","difficulty":"hard","question":"Artis Leon Ivey Jr. is better known as which rap artist?","correct_answer":"Coolio","incorrect_answers":["Dr Dre","Snoop Dogg","Ice T"]},{"category":"Entertainment: Music","type":"multiple","difficulty":"hard","question":"What song originally performed by The Bee Gees in 1978 had a cover version by Steps 20 years later?","correct_answer":"Tragedy","incorrect_answers":["Night Fever","Stayin&#039; Alive","You Should Be Dancing"]},{"category":"Entertainment: Music","type":"multiple","difficulty":"hard","question":"A Caixa Malacacheta is what kind of musical instrument which is commonly used in Latin American music?","correct_answer":"Snare Drum","incorrect_answers":["Cow Bell","Bass Drum","Maraca"]},{"category":"Entertainment: Music","type":"multiple","difficulty":"hard","question":"Where was Nicki Minaj born?","correct_answer":"Trinidad and Tobago","incorrect_answers":["Haiti","Saint Lucia","Grenada"]},{"category":"Entertainment: Music","type":"multiple","difficulty":"hard","question":"Who sings the rap song &quot;Secret Wars Part 1&quot;?","correct_answer":"The Last Emperor","incorrect_answers":["MC Frontalot","Busdriver","Masta Killa"]},{"category":"Entertainment: Music","type":"multiple","difficulty":"hard","question":"Which member of the Wu-Tang Clan had only one verse in their debut album Enter the Wu-Tang (36 Chambers)?","correct_answer":"Masta Killa","incorrect_answers":["Method Man","Inspectah Deck","GZA"]},{"category":"Entertainment: Music","type":"multiple","difficulty":"hard","question":"Which of these artists did NOT feature in the fitfh studio album &quot;Humanz&quot; by British virtual band Gorillaz?","correct_answer":"Snoop Dogg","incorrect_answers":["Vince Staples","Pusha T","Danny Brown"]},{"category":"Entertainment: Music","type":"multiple","difficulty":"hard","question":"What year did Dire Straits&#039;s Song &quot;Money for Nothing&quot; release?","correct_answer":"1985","incorrect_answers":["1973","1980","1991"]},{"category":"Entertainment: Music","type":"multiple","difficulty":"hard","question":"Panic! At the Disco&#039;s sixth album &quot;Pray For The Wicked&quot; was released on which date?","correct_answer":"June 22, 2018","incorrect_answers":["May 9, 2018","March 13, 2018","February 21, 2018"]}]}