{"response_code":0,"results":[{"category":"Science: Mathematics","type":"multiple","difficulty":"hard","question":"What is the derivative of Acceleration with respect to time?","correct_answer":"Jerk","incorrect_answers":["Shift","Bump","Slide"]},{"category":"Science: Mathematics","type":"multiple","difficulty":"hard","question":"What is the approximate value of mathematical constant e?","correct_answer":"2.72","incorrect_answers":["3.14","1.62","1.41"]},{"category":"Science: Mathematics","type":"multiple","difficulty":"hard","question":"How many zeptometres are inside one femtometre?","correct_answer":"1,000,000","incorrect_answers":["10","1,000,000,000","1000"]},{"category":"Science: Mathematics","type":"boolean","difficulty":"hard","question":"The binary number &quot;101001101&quot; is equivalent to the Decimal number &quot;334&quot;","correct_answer":"False","incorrect_answers":["True"]},{"category":"Science: Mathematics","type":"boolean","difficulty":"hard","question":"If you could fold a piece of paper in half 50 times, its&#039; thickness will be 3\/4th the distance from the Earth to the Sun.","correct_answer":"True","incorrect_answers":["False"]},{"category":"Science: Mathematics","type":"multiple","difficulty":"hard","question":"The decimal number 31 in hexadecimal would be what?","correct_answer":"1F","incorrect_answers":["3D","2E","1B"]},{"category":"Science: Mathematics","type":"multiple","difficulty":"hard","question":"What is the plane curve proposed by Descartes to challenge Fermat&#039;s extremum-finding techniques called?","correct_answer":"Folium of Descartes","incorrect_answers":["Elliptic Paraboloid of Descartes","Cartesian Coordinates","Descarte&#039;s Helicoid"]},{"category":"Science: Mathematics","type":"boolean","difficulty":"hard","question":"In Topology, the complement of an open set is a closed set.","correct_answer":"True","incorrect_answers":["False"]},{"category":"Science: Mathematics","type":"multiple","difficulty":"hard","question":"The French mathematician &Eacute;variste Galois is primarily known for his work in which?","correct_answer":"Galois Theory","incorrect_answers":["Galois&#039; Continued Fractions","Galois&#039; Method for PDE&#039;s ","Abelian Integration"]},{"category":"Science: Mathematics","type":"boolean","difficulty":"hard","question":"L&#039;H&ocirc;pital was the mathematician who created the homonymous rule that uses derivatives to evaluate limits with indeterminations.","correct_answer":"False","incorrect_answers":["True"]},{"category":"Science: Mathematics","type":"multiple","difficulty":"hard","question":"Which of these numbers is closest to the total number of possible states for an army standard Enigma Machine?","correct_answer":"1.58 x 10^20","incorrect_answers":["1.58 x 10^22","1.58 x  10^18","1.58 x 10^24"]},{"category":"Science: Mathematics","type":"multiple","difficulty":"hard","question":"Which of the following famous mathematicians died in a duel at the age of 20?","correct_answer":"Galois","incorrect_answers":["Abel","Euler","Gauss"]},{"category":"Science: Mathematics","type":"multiple","difficulty":"hard","question":"Which of the following mathematicians made major contributions to game theory?","correct_answer":"John Von Neumann","incorrect_answers":["Carl Friedrich Gauss","Leonhard Euler","Stefan Banach"]},{"category":"Science: Mathematics","type":"multiple","difficulty":"hard","question":"The notion of a &quot;set that contains all sets which do not contain themselves&quot; is a paradoxical idea attributed to which English philospher?","correct_answer":"Bertrand Russel","incorrect_answers":["Francis Bacon","John Locke","Alfred North Whitehead"]},{"category":"Science: Mathematics","type":"multiple","difficulty":"hard","question":"What is the smallest number that can be expressed as the sum of two positive cubes in two different ways?","correct_answer":"1729","incorrect_answers":["91","561","4104"]},{"category":"Science: Mathematics","type":"multiple","difficulty":"hard","question":"What is the fourth digit of &pi;?","correct_answer":"1","incorrect_answers":["2","3","4"]}]}