{"response_code":0,"results":[{"category":"Science: Mathematics","type":"multiple","difficulty":"medium","question":"In the hexadecimal system, what number comes after 9?","correct_answer":"The Letter A","incorrect_answers":["10","The Number 0","16"]},{"category":"Science: Mathematics","type":"multiple","difficulty":"medium","question":"How many zeros are there in a googol?","correct_answer":"100","incorrect_answers":["10","1,000","1,000,000"]},{"category":"Science: Mathematics","type":"multiple","difficulty":"medium","question":"What is the area of a circle with a diameter of 20 inches if &pi;= 3.1415?","correct_answer":"314.15 Inches","incorrect_answers":["380.1215 Inches","3141.5 Inches","1256.6 Inches"]},{"category":"Science: Mathematics","type":"boolean","difficulty":"medium","question":"The Pythagorean theorem states that the square of the hypotenuse is equal to the product of the squares of the other two sides.","correct_answer":"False","incorrect_answers":["True"]},{"category":"Science: Mathematics","type":"multiple","difficulty":"medium","question":"What are the first 6 digits of the number &quot;Pi&quot;?","correct_answer":"3.14159","incorrect_answers":["3.14169","3.12423","3.25812"]},{"category":"Science: Mathematics","type":"multiple","difficulty":"medium","question":"What is the Roman numeral for 500?","correct_answer":"D","incorrect_answers":["L","C","X"]},{"category":"Science: Mathematics","type":"multiple","difficulty":"medium","question":"What is the first Mersenne prime exponent over 1000?","correct_answer":"1279","incorrect_answers":["2203","1009","1069"]},{"category":"Science: Mathematics","type":"boolean","difficulty":"medium","question":"The proof for the Chinese Remainder Theorem used in Number Theory was NOT developed by its first publisher, Sun Tzu.","correct_answer":"True","incorrect_answers":["False"]},{"category":"Science: Mathematics","type":"boolean","difficulty":"medium","question":"111,111,111 x 111,111,111 = 12,345,678,987,654,321","correct_answer":"True","incorrect_answers":["False"]},{"category":"Science: Mathematics","type":"multiple","difficulty":"medium","question":"What is the alphanumeric representation of the imaginary number?","correct_answer":"i","incorrect_answers":["e","n","x"]},{"category":"Science: Mathematics","type":"multiple","difficulty":"medium","question":"To the nearest whole number, how many radians are in a whole circle?","correct_answer":"6","incorrect_answers":["3","4","5"]},{"category":"Science: Mathematics","type":"multiple","difficulty":"medium","question":"What Greek letter is used to signify summation?","correct_answer":"Sigma","incorrect_answers":["Delta","Alpha","Omega"]},{"category":"Science: Mathematics","type":"boolean","difficulty":"medium","question":"E = MC3","correct_answer":"False","incorrect_answers":["True"]},{"category":"Science: Mathematics","type":"boolean","difficulty":"medium","question":"Zero factorial is equal to zero. ","correct_answer":"False","incorrect_answers":["True"]},{"category":"Science: Mathematics","type":"boolean","difficulty":"medium","question":"A &#039;Millinillion&#039; is a real number.","correct_answer":"True","incorrect_answers":["False"]},{"category":"Science: Mathematics","type":"boolean","difficulty":"medium","question":"The set of all algebraic numbers is countable.","correct_answer":"True","incorrect_answers":["False"]},{"category":"Science: Mathematics","type":"boolean","difficulty":"medium","question":"You can square root a negative number with an imaginary number &quot;i&quot;.","correct_answer":"True","incorrect_answers":["False"]},{"category":"Science: Mathematics","type":"multiple","difficulty":"medium","question":"Which greek mathematician ran through the streets of Syracuse naked while shouting &quot;Eureka&quot; after discovering the principle of displacement?","correct_answer":"Archimedes","incorrect_answers":["Euclid","Homer","Eratosthenes"]},{"category":"Science: Mathematics","type":"multiple","difficulty":"medium","question":"How many books are in Euclid&#039;s Elements of Geometry?","correct_answer":"13","incorrect_answers":["8","10","17"]},{"category":"Science: Mathematics","type":"multiple","difficulty":"medium","question":"Which of the following dice is not a platonic solid?","correct_answer":"10-sided die","incorrect_answers":["12-sided die","20-sided die","8-sided die"]},{"category":"Science: Mathematics","type":"multiple","difficulty":"medium","question":"Which mathematician refused the Fields Medal?","correct_answer":"Grigori Perelman","incorrect_answers":["Andrew Wiles","Terence Tao","Edward Witten"]},{"category":"Science: Mathematics","type":"multiple","difficulty":"medium","question":"In the complex plane, multiplying a given function by i rotates it anti-clockwise by how many degrees?","correct_answer":"90","incorrect_answers":["180","270","0"]}]}