{"response_code":0,"results":[{"category":"Entertainment: Film","type":"multiple","difficulty":"medium","question":"Which of the following is NOT a quote from the 1942 film Casablanca? ","correct_answer":"&quot;Frankly, my dear, I don&#039;t give a damn.&quot;","incorrect_answers":["&quot;Here&#039;s lookin&#039; at you, kid.&quot;","&ldquo;Of all the gin joints, in all the towns, in all the world, she walks into mine&hellip;&rdquo;","&quot;Round up the usual suspects.&quot;"]},{"category":"Entertainment: Film","type":"multiple","difficulty":"medium","question":"Which 1958 movie starred Kirk Douglas and Tony Curtis as half-brothers Einar and Eric?","correct_answer":"The Vikings ","incorrect_answers":["The Long Ships","Prince Valiant","Spartacus"]},{"category":"Entertainment: Film","type":"multiple","difficulty":"medium","question":"Which retired American football quarterback played himself in &#039;Ace Ventura: Pet Detective&#039; and &#039;Little Nicky&#039;?","correct_answer":"Dan Marino","incorrect_answers":["John Elway","Tom Brady","Joe Montana"]},{"category":"Entertainment: Film","type":"multiple","difficulty":"medium","question":"Velma Kelly and Roxie Hart are the protagonists of which Oscar winning movie?","correct_answer":"Chicago","incorrect_answers":["Dreamgirls","Cabaret","All That Jazz"]},{"category":"Entertainment: Film","type":"multiple","difficulty":"medium","question":"Who voiced the character Draco in the 1996 movie &#039;DragonHeart&#039;?","correct_answer":"Sean Connery","incorrect_answers":["Dennis Quaid","Pete Postlethwaite","Brian Thompson"]},{"category":"Entertainment: Film","type":"multiple","difficulty":"medium","question":"What is the name of James Dean&#039;s character in the 1955 movie &quot;Rebel Without a Cause&quot;?","correct_answer":"Jim Stark","incorrect_answers":["Ned Stark","Jim Kane","Frank Stark"]},{"category":"Entertainment: Film","type":"multiple","difficulty":"medium","question":"This movie contains the quote, &quot;I love the smell of napalm in the morning!&quot;","correct_answer":"Apocalypse Now","incorrect_answers":["Platoon","The Deer Hunter","Full Metal Jacket"]},{"category":"Entertainment: Film","type":"multiple","difficulty":"medium","question":"This movie contains the quote, &quot;What we&#039;ve got here is a failure to communicate.&quot;","correct_answer":"Cool Hand Luke","incorrect_answers":["Bonnie and Clyde","The Graduate","In the Heat of the Night"]},{"category":"Entertainment: Film","type":"multiple","difficulty":"medium","question":"In which African country was the 2006 film &#039;Blood Diamond&#039; mostly set in?","correct_answer":"Sierra Leone","incorrect_answers":["Liberia","Burkina Faso","Central African Republic"]},{"category":"Entertainment: Film","type":"multiple","difficulty":"medium","question":"What is the name of the Artificial Intelligence system in the 1983 film, &quot;WarGames&quot;?","correct_answer":"War Operation Plan Response","incorrect_answers":["Self Evolving Thought Helix","Master Control Program","West Campus Analog Computer"]},{"category":"Entertainment: Film","type":"multiple","difficulty":"medium","question":"Which movie sequel had improved box office results compared to its original film?","correct_answer":"Toy Story 2","incorrect_answers":["Sin City: A Dame to Kill For","Speed 2: Cruise Control","Son of the Mask"]},{"category":"Entertainment: Film","type":"multiple","difficulty":"medium","question":"Which iconic character is featured in movies such as &quot;The Enforcer&quot;, &quot;Sudden Impact&quot;, and &quot;The Dead Pool&quot;?","correct_answer":"Dirty Harry","incorrect_answers":["Indiana Jones","James Bond","Harry Potter"]},{"category":"Entertainment: Film","type":"multiple","difficulty":"medium","question":"In the 1971 film &quot;Willy Wonka &amp; the Chocolate Factory&quot;, who played Willy Wonka?","correct_answer":"Gene Wilder","incorrect_answers":["Shia LeBouf","Peter Ostrum","Johnny Depp"]},{"category":"Entertainment: Film","type":"boolean","difficulty":"medium","question":"The Xenomorph from the science fiction film &quot;Alien&quot; has acidic blood.","correct_answer":"True","incorrect_answers":["False"]},{"category":"Entertainment: Film","type":"multiple","difficulty":"medium","question":"Who plays the Nemesis in the Resident Evil movies?","correct_answer":"Matthew Taylor","incorrect_answers":["Jason Dip","Eric Mabius","Jimmy Matts"]},{"category":"Entertainment: Film","type":"multiple","difficulty":"medium","question":"In the 1979 British film &quot;Quadrophenia&quot; what is the name of the seaside city the mods are visiting?","correct_answer":"Brighton","incorrect_answers":["Eastbourne","Mousehole","Bridlington"]},{"category":"Entertainment: Film","type":"multiple","difficulty":"medium","question":"In the 1979 British film &quot;Quadrophenia&quot; what is the name of the main protagonist?","correct_answer":"Jimmy Cooper","incorrect_answers":["Pete Townshend","Franc Roddam","Archie Bunker"]},{"category":"Entertainment: Film","type":"multiple","difficulty":"medium","question":"Who played Baron Victor Frankestein in the 1957 Hammer horror film &quot;The Curse of Frankenstein&quot;?","correct_answer":"Peter Cushing","incorrect_answers":["Boris Karloff","Vincent Price","Lon Chaney Jr."]},{"category":"Entertainment: Film","type":"multiple","difficulty":"medium","question":"In the 2010 Nightmare on Elm Street reboot, who played Freddy Kruger?","correct_answer":"Jackie Earle Haley","incorrect_answers":["Tyler Mane","Derek Mears","Gunnar Hansen"]},{"category":"Entertainment: Film","type":"multiple","difficulty":"medium","question":"Which one of these films are shot entirely in one-take?","correct_answer":"Russian Ark","incorrect_answers":["Good Will Hunting","Birdman","Schindler&#039;s List"]},{"category":"Entertainment: Film","type":"multiple","difficulty":"medium","question":"Which movie of film director Stanley Kubrick is known to be an adaptation of a Stephen King novel?","correct_answer":"The Shining","incorrect_answers":["2001: A Space Odyssey"," Dr. Strangelove ","Eyes Wide Shut"]},{"category":"Entertainment: Film","type":"multiple","difficulty":"medium","question":"In what year was the movie &quot;Police Academy&quot; released?","correct_answer":"1984","incorrect_answers":["1986","1985","1983"]},{"category":"Entertainment: Film","type":"multiple","difficulty":"medium","question":"In Back to the Future Part II, Marty and Dr. Emmett Brown go to which future date?","correct_answer":"October 21, 2015","incorrect_answers":["August 28, 2015","July 20, 2015","January 25, 2015"]},{"category":"Entertainment: Film","type":"multiple","difficulty":"medium","question":"Darth Vader&#039;s famous reveal to Luke is iconic. But which of these is the right one?","correct_answer":"&quot;No. I am your father.&quot;","incorrect_answers":["&quot;Luke, I am your father.&quot;","&quot;You&#039;re wrong. I am your father.&quot;","&quot;The truth is that I am your father.&quot;"]},{"category":"Entertainment: Film","type":"multiple","difficulty":"medium","question":"This trope refers to minor characters that are killed off to show how a monster works.","correct_answer":"Red Shirt","incorrect_answers":["Minions","Expendables","Cannon Fodder"]},{"category":"Entertainment: Film","type":"multiple","difficulty":"medium","question":"Which animated film did Steven Lisberger direct in 1980 before going on to direct Tron?","correct_answer":"Animalympics","incorrect_answers":["The Fox and the Hound","The Black Cauldron","The Great Mouse Detecive"]},{"category":"Entertainment: Film","type":"multiple","difficulty":"medium","question":"What year did the James Cameron film &quot;Titanic&quot; come out in theaters?","correct_answer":"1997","incorrect_answers":["1996","1998","1999"]},{"category":"Entertainment: Film","type":"multiple","difficulty":"medium","question":"Who played the Cenobite called &quot;Pinhead&quot; in the original Hellraiser films?","correct_answer":"Doug Bradley","incorrect_answers":["Doug Jones","Doug Savant","Doug Benson"]},{"category":"Entertainment: Film","type":"multiple","difficulty":"medium","question":"What is the correct spelling of the protagonist of the book in The NeverEnding Story (1984)?","correct_answer":"Atreyu","incorrect_answers":["Atrayu","Atraiyu","Atraeyu"]},{"category":"Entertainment: Film","type":"multiple","difficulty":"medium","question":"In which movie does Robin Williams&#039; character have to disguise themselves into a woman?","correct_answer":"Mrs. Doubtfire","incorrect_answers":["Old Dogs","Jumanji","Awakenings"]},{"category":"Entertainment: Film","type":"multiple","difficulty":"medium","question":"What type of cheese, loved by Wallace and Gromit, had it&#039;s sale prices rise after their successful short films?","correct_answer":"Wensleydale","incorrect_answers":["Cheddar","Moon Cheese","Edam"]},{"category":"Entertainment: Film","type":"multiple","difficulty":"medium","question":"Which famous singer was portrayed by actor Kevin Spacey in the 2004 biographical film &quot;Beyond the Sea&quot;?","correct_answer":"Bobby Darin","incorrect_answers":["Louis Armstrong","Frank Sinatra","Dean Martin"]},{"category":"Entertainment: Film","type":"multiple","difficulty":"medium","question":"Who is the director of the 1991 film &quot;Silence of the Lambs&quot;?","correct_answer":"Jonathan Demme","incorrect_answers":["Stanley Kubrick","Frank Darabont","Michael Bay"]},{"category":"Entertainment: Film","type":"multiple","difficulty":"medium","question":"In the &quot;Jurassic Park&quot; universe, what is the name of the island that contains InGen&#039;s Site B?","correct_answer":"Isla Sorna","incorrect_answers":["Isla Nublar","Isla Pena","Isla Muerta"]},{"category":"Entertainment: Film","type":"multiple","difficulty":"medium","question":"In &quot;Jurassic World&quot;, which company purchases InGen and creates Jurassic World?","correct_answer":"Masrani Global Corporation ","incorrect_answers":["Biology Synthetics Technologies","International Genetics Incorporated","International Genetic Technologies"]},{"category":"Entertainment: Film","type":"multiple","difficulty":"medium","question":"What Queen song plays during the final fight scene of the film &quot;Hardcore Henry&quot;?","correct_answer":"Don&#039;t Stop Me Now","incorrect_answers":["Brighton Rock","Another Bites the Dust","We Will Rock You"]},{"category":"Entertainment: Film","type":"multiple","difficulty":"medium","question":"Which town is the setting for the Disney movie The Love Bug (1968)?","correct_answer":"San Francisco","incorrect_answers":["Los Angeles","Sacramento","San Jose"]},{"category":"Entertainment: Film","type":"multiple","difficulty":"medium","question":"In Finding Nemo, what was the name of Nemo&#039;s mom?","correct_answer":"Coral","incorrect_answers":["Sandy","Pearl","Shelly"]},{"category":"Entertainment: Film","type":"multiple","difficulty":"medium","question":"Who provided a majority of the songs and lyrics for &quot;Spirit: Stallion of the Cimarron&quot;?","correct_answer":"Bryan Adams","incorrect_answers":["Smash Mouth","Oasis","Air Supply"]},{"category":"Entertainment: Film","type":"multiple","difficulty":"medium","question":"What film did James Cameron&#039;s Avatar dethrone as the highest-grossing film ever?","correct_answer":"Titanic","incorrect_answers":["Star Wars","Gone with the Wind","Jaws"]},{"category":"Entertainment: Film","type":"multiple","difficulty":"medium","question":"Which of these Disney classics was released in 1970?","correct_answer":"The Aristocats","incorrect_answers":["One Hundred and One Dalmatians","The Fox and the Hound","The Little Mermaid"]},{"category":"Entertainment: Film","type":"multiple","difficulty":"medium","question":"Which stand-up comedian voiced the talking parrot &quot;Iago&quot; in Disney&#039;s 1992 adaptation of Aladdin?","correct_answer":"Gilbert Gottfried","incorrect_answers":["Robin Williams","Pauly Shore","Jonathan Freeman"]},{"category":"Entertainment: Film","type":"multiple","difficulty":"medium","question":"Which actor and martial artist starred as Colonel Guile in the 1994 action film adaptation of Street Fighter?","correct_answer":"Jean-Claude Van Damme","incorrect_answers":["Chuck Norris","Steven Seagal","Scott Adkins"]},{"category":"Entertainment: Film","type":"multiple","difficulty":"medium","question":"Ed Koch, the Mayor of New York in 1984, played himself in which Muppets movie?","correct_answer":"The Muppets Take Manhattan","incorrect_answers":["The Great Muppet Caper","The Muppet Christmas Carol","The Muppet Movie"]},{"category":"Entertainment: Film","type":"multiple","difficulty":"medium","question":"In the 2014 film &quot;Birdman&quot;, what is the primary instrument in the score?","correct_answer":"Drums","incorrect_answers":["Saxophone","Violin","Actual Live Birds Singing"]},{"category":"Entertainment: Film","type":"multiple","difficulty":"medium","question":"In the film &quot;Requiem for a Dream&quot;, what drug does Jared Leto&#039;s character get addicted to?","correct_answer":"Heroin","incorrect_answers":["Cocaine","Marijuana","Oxycodone"]},{"category":"Entertainment: Film","type":"multiple","difficulty":"medium","question":"After India, which country produces the second most movies per year?","correct_answer":"Nigeria","incorrect_answers":["United States","China","France"]},{"category":"Entertainment: Film","type":"multiple","difficulty":"medium","question":"What is the name of the character Nicolas Cage plays in the movie &quot;National Treasure?&quot;","correct_answer":"Benjamin Franklin Gates","incorrect_answers":["Thomas Jefferson Walker","George Washington Swanson","John Quincy Beckett"]},{"category":"Entertainment: Film","type":"multiple","difficulty":"medium","question":"About how much money did it cost for Tommy Wiseau to make his masterpiece &quot;The Room&quot; (2003)?","correct_answer":"$6 Million","incorrect_answers":["$20,000","$1 Million","$10 Million"]},{"category":"Entertainment: Film","type":"multiple","difficulty":"medium","question":"The killer in the 1981 film &#039;My Bloody Valentine&#039; wears what sort of outfit?","correct_answer":"Mining gear","incorrect_answers":["Clown costume","Santa suit","Police uniform"]}]}