{"response_code":0,"results":[{"category":"Entertainment: Film","type":"multiple","difficulty":"easy","question":"What breed of dog was Marley in the film &quot;Marley &amp; Me&quot; (2008)?","correct_answer":"Labrador Retriever","incorrect_answers":["Golden Retriever","Dalmatian","Shiba Inu"]},{"category":"Entertainment: Film","type":"multiple","difficulty":"easy","question":"Which of the following is not the name of a &quot;Bond Girl&quot;? ","correct_answer":"Vanessa Kensington","incorrect_answers":["Pam Bouvier","Mary Goodnight","Wai Lin"]},{"category":"Entertainment: Film","type":"multiple","difficulty":"easy","question":"Which of the following was not one of &quot;The Magnificent Seven&quot;?","correct_answer":"Clint Eastwood","incorrect_answers":["Steve McQueen","Charles Bronson","Robert Vaughn"]},{"category":"Entertainment: Film","type":"multiple","difficulty":"easy","question":"Which of the following movies was not based on a novel by Stephen King? ","correct_answer":"The Thing","incorrect_answers":["Carrie","Misery","The Green Mile"]},{"category":"Entertainment: Film","type":"multiple","difficulty":"easy","question":"What name did Tom Hanks give to his volleyball companion in the film `Cast Away`?","correct_answer":"Wilson","incorrect_answers":["Friday","Jones","Billy"]},{"category":"Entertainment: Film","type":"multiple","difficulty":"easy","question":"Who directed &quot;E.T. the Extra-Terrestrial&quot; (1982)?","correct_answer":"Steven Spielberg","incorrect_answers":["Stanley Kubrick","James Cameron","Tim Burton"]},{"category":"Entertainment: Film","type":"multiple","difficulty":"easy","question":"Which actress danced the twist with John Travolta in &#039;Pulp Fiction&#039;?","correct_answer":"Uma Thurman","incorrect_answers":["Kathy Griffin","Pam Grier","Bridget Fonda"]},{"category":"Entertainment: Film","type":"multiple","difficulty":"easy","question":"Who starred in the film 1973 movie &quot;Enter The Dragon&quot;?","correct_answer":"Bruce Lee","incorrect_answers":["Jackie Chan","Jet Li"," Yun-Fat Chow"]},{"category":"Entertainment: Film","type":"boolean","difficulty":"easy","question":"The film &quot;2001: A Space Odyssey&quot; was released on December 31st, 2000.","correct_answer":"False","incorrect_answers":["True"]},{"category":"Entertainment: Film","type":"boolean","difficulty":"easy","question":"Matt Damon played an astronaut stranded on an extraterrestrial planet in both of the movies Interstellar and The Martian.","correct_answer":"True","incorrect_answers":["False"]},{"category":"Entertainment: Film","type":"multiple","difficulty":"easy","question":"The Queen song `A Kind Of Magic` is featured in which 1986 film?","correct_answer":"Highlander","incorrect_answers":["Flash Gordon","Labyrinth","Howard the Duck"]},{"category":"Entertainment: Film","type":"multiple","difficulty":"easy","question":"What was the title of the first Bond movie, released in 1962?","correct_answer":"Dr. No","incorrect_answers":["From Russia with Love","Goldfinger","Thunderball"]},{"category":"Entertainment: Film","type":"multiple","difficulty":"easy","question":"This movie contains the quote, &quot;I feel the need ... the need for speed!&quot;","correct_answer":"Top Gun","incorrect_answers":["Days of Thunder","The Color of Money","Cocktail"]},{"category":"Entertainment: Film","type":"multiple","difficulty":"easy","question":"This movie contains the quote, &quot;Nobody puts Baby in a corner.&quot;","correct_answer":"Dirty Dancing","incorrect_answers":["Three Men and a Baby","Ferris Bueller&#039;s Day Off","Pretty in Pink"]},{"category":"Entertainment: Film","type":"boolean","difficulty":"easy","question":"The 2010 film &quot;The Social Network&quot; is a biographical drama film about MySpace founder Tom Anderson.","correct_answer":"False","incorrect_answers":["True"]},{"category":"Entertainment: Film","type":"boolean","difficulty":"easy","question":"The word &quot;Inception&quot; came from the 2010 blockbuster hit &quot;Inception&quot;.","correct_answer":"False","incorrect_answers":["True"]},{"category":"Entertainment: Film","type":"multiple","difficulty":"easy","question":"Which movie includes a giant bunny-like spirit who has magic powers including growing trees?","correct_answer":"My Neighbor Totoro","incorrect_answers":["Hop","Rise of the Guardians","Alice in Wonderland"]},{"category":"Entertainment: Film","type":"multiple","difficulty":"easy","question":"Who plays Alice in the Resident Evil movies?","correct_answer":"Milla Jovovich","incorrect_answers":["Madison Derpe","Milla Johnson","Kim Demp"]},{"category":"Entertainment: Film","type":"boolean","difficulty":"easy","question":"Shaquille O&#039;Neal appeared in the 1997 film &quot;Space Jam&quot;.","correct_answer":"False","incorrect_answers":["True"]},{"category":"Entertainment: Film","type":"multiple","difficulty":"easy","question":"What is the oldest Disney film?","correct_answer":"Snow White and the Seven Dwarfs","incorrect_answers":["Pinocchio","Dumbo","Fantasia"]},{"category":"Entertainment: Film","type":"boolean","difficulty":"easy","question":"In Alfred Hitchcock&#039;s film &#039;Psycho&#039; it is said he used chocolate syrup to simulate the blood in the famous shower scene from ","correct_answer":"True","incorrect_answers":["False"]},{"category":"Entertainment: Film","type":"multiple","difficulty":"easy","question":"Who is the main protagonist in, the 1985 film, Back to the Future?","correct_answer":"Marty McFly","incorrect_answers":["Emmett &quot;Doc&quot; Brown","Biff Tannen","George McFly"]},{"category":"Entertainment: Film","type":"multiple","difficulty":"easy","question":"In the movie &quot;Cast Away&quot; the main protagonist&#039;s best friend while on the island is named","correct_answer":"Wilson","incorrect_answers":["Carson","Jackson","Willy"]},{"category":"Entertainment: Film","type":"multiple","difficulty":"easy","question":"Who in Pulp Fiction says &quot;No, they got the metric system there, they wouldn&#039;t know what the fuck a Quarter Pounder is.&quot;","correct_answer":"Vincent Vega","incorrect_answers":["Jules Winnfield","Jimmie Dimmick","Butch Coolidge"]},{"category":"Entertainment: Film","type":"multiple","difficulty":"easy","question":"In &quot;Jurassic World&quot;, what is the name of the dinosaur that is a genetic hybrid?","correct_answer":"Indominus Rex","incorrect_answers":["Mosasaurus","Pteranodon","Tyrannosaurus Rex "]},{"category":"Entertainment: Film","type":"multiple","difficulty":"easy","question":"Which actor plays Obi-Wan Kenobi in Star Wars Episodes I-lll?","correct_answer":"Ewan McGregor","incorrect_answers":["Alec Guinness","Hayden Christensen","Liam Neeson"]},{"category":"Entertainment: Film","type":"boolean","difficulty":"easy","question":"In the original Star Wars trilogy, Alec Guinness provided the voice for Darth Vader.","correct_answer":"False","incorrect_answers":["True"]},{"category":"Entertainment: Film","type":"multiple","difficulty":"easy","question":"The 2002 film &quot;28 Days Later&quot; is mainly set in which European country?","correct_answer":"United Kingdom","incorrect_answers":["France","Italy","Germany"]},{"category":"Entertainment: Film","type":"multiple","difficulty":"easy","question":"In the movie &quot;Spaceballs&quot;, what are the Spaceballs attempting to steal from Planet Druidia?","correct_answer":"Air","incorrect_answers":["The Schwartz","Princess Lonestar","Meatballs"]},{"category":"Entertainment: Film","type":"multiple","difficulty":"easy","question":"What was the first monster to appear alongside Godzilla?","correct_answer":"Anguirus","incorrect_answers":["King Kong","Mothra","King Ghidora"]},{"category":"Entertainment: Film","type":"multiple","difficulty":"easy","question":"In the movie Gremlins, after what time of day should you not feed Mogwai?","correct_answer":"Midnight","incorrect_answers":["Evening","Morning","Afternoon"]},{"category":"Entertainment: Film","type":"boolean","difficulty":"easy","question":"George Lucas directed the entire original Star Wars trilogy.","correct_answer":"False","incorrect_answers":["True"]},{"category":"Entertainment: Film","type":"multiple","difficulty":"easy","question":"In the 1992 film &quot;Army of Darkness&quot;, what name does Ash give to his double-barreled shotgun?","correct_answer":"Boomstick","incorrect_answers":["Bloomstick","Blastbranch","2-Pump Chump"]},{"category":"Entertainment: Film","type":"multiple","difficulty":"easy","question":"At the end of the 2001 film &quot;Rat Race&quot;, whose concert do the contestants crash?","correct_answer":"Smash Mouth","incorrect_answers":["Bowling for Soup","Sum 41","Linkin Park"]},{"category":"Entertainment: Film","type":"boolean","difficulty":"easy","question":"&quot;Minions&quot; was released on the June 10th, 2015.","correct_answer":"False","incorrect_answers":["True"]},{"category":"Entertainment: Film","type":"multiple","difficulty":"easy","question":"Who plays the character of Po in the Kung Fu Panda movies?","correct_answer":"Jack Black","incorrect_answers":["Mirana Jonnes","McConahey Ramses","Jim Petersson"]},{"category":"Entertainment: Film","type":"multiple","difficulty":"easy","question":"The 2016 Disney animated film &#039;Moana&#039; is based on which culture?","correct_answer":"Polynesian","incorrect_answers":["Native American","Japanese","Nordic"]},{"category":"Entertainment: Film","type":"multiple","difficulty":"easy","question":"In the 1995 film &quot;Balto&quot;, who are Steele&#039;s accomplices?","correct_answer":"Kaltag, Nikki, and Star","incorrect_answers":["Dusty, Kirby, and Ralph","Nuk, Yak, and Sumac","Jenna, Sylvie, and Dixie"]},{"category":"Entertainment: Film","type":"boolean","difficulty":"easy","question":"Actor Tommy Chong served prison time.","correct_answer":"True","incorrect_answers":["False"]},{"category":"Entertainment: Film","type":"multiple","difficulty":"easy","question":"What was Bruce Campbell&#039;s iconic one-liner after getting a chainsaw hand in Evil Dead 2?","correct_answer":"Groovy.","incorrect_answers":["Gnarly.","Perfect.","Nice."]},{"category":"Entertainment: Film","type":"multiple","difficulty":"easy","question":"For the film &quot;Raiders of The Lost Ark&quot;, what was Harrison Ford sick with during the filming of the Cairo chase?","correct_answer":"Dysentery","incorrect_answers":["Anemia","Constipation","Acid Reflux "]},{"category":"Entertainment: Film","type":"multiple","difficulty":"easy","question":"What was the first feature-length computer-animated movie?","correct_answer":"Toy Story","incorrect_answers":["Tron","Lion king","101 Dalmatians"]},{"category":"Entertainment: Film","type":"multiple","difficulty":"easy","question":"Where does the original Friday The 13th movie take place?","correct_answer":"Camp Crystal Lake","incorrect_answers":["Packanack","Higgins Haven","Camp Forest Green"]},{"category":"Entertainment: Film","type":"boolean","difficulty":"easy","question":"&quot;Foodfight!&quot; earned less than $80,000 at box office.","correct_answer":"True","incorrect_answers":["False"]},{"category":"Entertainment: Film","type":"multiple","difficulty":"easy","question":"In which film does Humphrey Bogart say the famous line, &quot;Here&#039;s looking at you, kid&quot;?","correct_answer":"Casablanca","incorrect_answers":["The Maltese Falcon","The Treasure of the Sierra Madre","Citizen Kane"]},{"category":"Entertainment: Film","type":"multiple","difficulty":"easy","question":"Which of these Movies was NOT released in 1996?","correct_answer":"Gladiator","incorrect_answers":["Independence Day","The Rock","Mission: Impossible"]},{"category":"Entertainment: Film","type":"multiple","difficulty":"easy","question":"What is the name of the fictional retro-mod band starring Austin Powers as the lead vocalist?","correct_answer":"Ming Tea","incorrect_answers":["Cough Fi","Spear Mint","Mister E"]},{"category":"Entertainment: Film","type":"multiple","difficulty":"easy","question":"What historical time period was the center of the Assassin&rsquo;s Creed movie (2016)?","correct_answer":"Spanish Inquisition","incorrect_answers":["Victorian England","French Revolution","Colonial America"]},{"category":"Entertainment: Film","type":"multiple","difficulty":"easy","question":"Who plays Jack Burton in the movie &quot;Big Trouble in Little China?&quot;","correct_answer":"Kurt Russell","incorrect_answers":["Patrick Swayze","John Cusack","Harrison Ford"]},{"category":"Entertainment: Film","type":"multiple","difficulty":"easy","question":"The 1996 film &#039;Fargo&#039; is primarily set in which US state?","correct_answer":"Minnesota","incorrect_answers":["North Dakota","South Dakota","Wisconsin"]}]}