{"response_code":0,"results":[{"category":"Entertainment: Board Games","type":"multiple","difficulty":"medium","question":"At the start of a standard game of the Monopoly, if you throw a double six, which square would you land on?","correct_answer":"Electric Company","incorrect_answers":["Water Works","Chance","Community Chest"]},{"category":"Entertainment: Board Games","type":"boolean","difficulty":"medium","question":"In the game &quot;Racko&quot; you may pick up ANY card from the discard pile.","correct_answer":"False","incorrect_answers":["True"]},{"category":"Entertainment: Board Games","type":"multiple","difficulty":"medium","question":"The board game, Nightmare was released in what year?","correct_answer":"1991","incorrect_answers":["1992","1989","1995"]},{"category":"Entertainment: Board Games","type":"multiple","difficulty":"medium","question":"Who is the main character in the VHS tape included in the board game Nightmare?","correct_answer":"The Gatekeeper","incorrect_answers":["The Kryptkeeper","The Monster","The Nightmare"]},{"category":"Entertainment: Board Games","type":"multiple","difficulty":"medium","question":"How many points is the Z tile worth in Scrabble?","correct_answer":"10","incorrect_answers":["8","5","6"]},{"category":"Entertainment: Board Games","type":"multiple","difficulty":"medium","question":"What special item did the creators of Cards Against Humanity ship for their Black Friday pack?","correct_answer":"Bull Feces","incorrect_answers":["A Card Expansion","A Racist Toy","Cat Urine"]},{"category":"Entertainment: Board Games","type":"multiple","difficulty":"medium","question":"In Chess, the Queen has the combined movement of which two pieces?","correct_answer":"Bishop and Rook","incorrect_answers":["Rook and King","Knight and Bishop","King and Knight"]},{"category":"Entertainment: Board Games","type":"multiple","difficulty":"medium","question":"In Yu-Gi-Oh, how does a player perform an Xyz Summon?","correct_answer":"Overlay at least 2 Monsters of the Same Level","incorrect_answers":["Activate a Spell and Send Monsters to the Graveyard","Add the Monsters&#039; Levels Together to Match the Xyz Monster","Banish A Number of Monsters From Your Hand And Deck"]},{"category":"Entertainment: Board Games","type":"multiple","difficulty":"medium","question":"Which of the following tabletop games is the oldest?","correct_answer":"Go","incorrect_answers":["Chess","Mahjong","Shogi"]},{"category":"Entertainment: Board Games","type":"boolean","difficulty":"medium","question":"&quot;Rich Uncle Pennybags&quot; from the board game &quot;Monopoly&quot; wears a monocle.","correct_answer":"False","incorrect_answers":["True"]},{"category":"Entertainment: Board Games","type":"multiple","difficulty":"medium","question":"In &quot;Magic: The Gathering&quot;, what instant card has the highest converted mana cost?","correct_answer":"Blinkmoth Infusion","incorrect_answers":["Vitalizing Wind"," Chant of Vitu-Ghazi","Assert Authority"]},{"category":"Entertainment: Board Games","type":"multiple","difficulty":"medium","question":"In &quot;Magic: The Gathering&quot;, during the design for Planar Chaos, what color did the developers think of adding in as the sixth color?","correct_answer":"Purple","incorrect_answers":["Brown","Pink","Orange"]},{"category":"Entertainment: Board Games","type":"multiple","difficulty":"medium","question":"Europa Universalis is a strategy video game based on which French board game?","correct_answer":"Europa Universalis","incorrect_answers":["Europe and the Universe","Europa!","Power in Europe"]},{"category":"Entertainment: Board Games","type":"multiple","difficulty":"medium","question":"In what year was the card game Magic: the Gathering first introduced?","correct_answer":"1993","incorrect_answers":["1987","1998","2003"]},{"category":"Entertainment: Board Games","type":"multiple","difficulty":"medium","question":"In the Board Game, Settlers of Catan, a die roll of what number causes the Robber to attack? ","correct_answer":"7","incorrect_answers":["3","10","1"]}]}