{"response_code":0,"results":[{"category":"Mythology","type":"multiple","difficulty":"hard","question":"Talos, the mythical giant bronze man, was the protector of which island?","correct_answer":"Crete","incorrect_answers":["Sardinia","Sicily","Cyprus"]},{"category":"Mythology","type":"multiple","difficulty":"hard","question":"What was the punishment for Sysiphus&#039;s craftiness?","correct_answer":"Cursed to roll a boulder up a hill for eternity.","incorrect_answers":["Tied to a boulder for eternity, being pecked by birds.","Standing in a lake filled with water he could not drink.","To fell a tree that regenerated after every axe swing."]},{"category":"Mythology","type":"multiple","difficulty":"hard","question":"According to Algonquian folklore, how does one transform into a Wendigo?","correct_answer":"Participating in cannibalism.","incorrect_answers":["Excessive mutilation of animal corpses.","Performing a ritual involving murder.","Drinking the blood of many slain animals."]},{"category":"Mythology","type":"multiple","difficulty":"hard","question":"In Greek Mythology, who was the daughter of King Minos?","correct_answer":"Ariadne","incorrect_answers":["Athena","Ariel","Alana"]},{"category":"Mythology","type":"multiple","difficulty":"hard","question":"In Norse mythology, what is the name of the serpent which eats the roots of the ash tree Yggdrasil?","correct_answer":"Nidhogg","incorrect_answers":["Bragi","Odin","Ymir"]},{"category":"Mythology","type":"boolean","difficulty":"hard","question":"Rannamaari was a sea demon that haunted the people of the Maldives and had to be appeased monthly with the sacrifice of a virgin girl.","correct_answer":"True","incorrect_answers":["False"]},{"category":"Mythology","type":"multiple","difficulty":"hard","question":"Which of the following is NOT a god in Norse Mythology.","correct_answer":"Jens","incorrect_answers":["Loki","Tyr","Snotra"]},{"category":"Mythology","type":"multiple","difficulty":"hard","question":"Nidhogg is a mythical creature from what mythology?","correct_answer":"Norse","incorrect_answers":["Egyptian","Greek","Hindu"]},{"category":"Mythology","type":"multiple","difficulty":"hard","question":"Who is the Egyptian god of reproduction and lettuce?","correct_answer":"Min","incorrect_answers":["Menu","Mut","Meret"]},{"category":"Mythology","type":"boolean","difficulty":"hard","question":"Janus was the Roman god of doorways and passageways.","correct_answer":"True","incorrect_answers":["False"]},{"category":"Mythology","type":"multiple","difficulty":"hard","question":"What immense structure is referred to in Norse Mythology as the Yggdrasil.","correct_answer":"Tree","incorrect_answers":["Mountain","Temple","Castle"]},{"category":"Mythology","type":"multiple","difficulty":"hard","question":"Which Norse God has a horse named Sleipnir?","correct_answer":"Odin","incorrect_answers":["Thor","Frigg","Balder"]},{"category":"Mythology","type":"multiple","difficulty":"hard","question":"Who is a minor god that is protector and creator of various arts, such as cheese making and bee keeping.","correct_answer":"Aristaeus","incorrect_answers":["Autonoe","Carme","Cephisso"]}]}