{"response_code":0,"results":[{"category":"Mythology","type":"multiple","difficulty":"easy","question":"Who was the only god from Greece who did not get a name change in Rome?","correct_answer":"Apollo","incorrect_answers":["Demeter","Zeus","Athena"]},{"category":"Mythology","type":"multiple","difficulty":"easy","question":"The ancient Roman god of war was commonly known as which of the following?","correct_answer":"Mars","incorrect_answers":["Jupiter","Juno","Ares"]},{"category":"Mythology","type":"boolean","difficulty":"easy","question":"In Norse mythology, Thor once dressed as a woman.","correct_answer":"True","incorrect_answers":["False"]},{"category":"Mythology","type":"multiple","difficulty":"easy","question":"Who in Greek mythology, who led the Argonauts in search of the Golden Fleece?","correct_answer":"Jason","incorrect_answers":["Castor","Daedalus","Odysseus"]},{"category":"Mythology","type":"multiple","difficulty":"easy","question":"This Greek goddess&#039;s name was chosen for the dwarf planet responsible for discord on Pluto&#039;s classification amongst astronomers.","correct_answer":"Eris","incorrect_answers":["Charon","Ceres","Dysnomia"]},{"category":"Mythology","type":"multiple","difficulty":"easy","question":"Who was the King of Gods in Ancient Greek mythology?","correct_answer":"Zeus","incorrect_answers":["Apollo","Hermes","Poseidon"]},{"category":"Mythology","type":"boolean","difficulty":"easy","question":"According to Greek Mythology, Zeus can control lightning.","correct_answer":"True","incorrect_answers":["False"]},{"category":"Mythology","type":"multiple","difficulty":"easy","question":"Which Greek &amp; Roman god was known as the god of music, truth and prophecy, healing, the sun and light, plague, poetry, and more?","correct_answer":"Apollo","incorrect_answers":["Aphrodite","Artemis","Athena"]},{"category":"Mythology","type":"multiple","difficulty":"easy","question":"The greek god Poseidon was the god of what?","correct_answer":"The Sea","incorrect_answers":["War","Sun","Fire"]},{"category":"Mythology","type":"multiple","difficulty":"easy","question":"Which figure from Greek mythology traveled to the underworld to return his wife Eurydice to the land of the living?","correct_answer":"Orpheus","incorrect_answers":["Hercules","Perseus","Daedalus"]},{"category":"Mythology","type":"multiple","difficulty":"easy","question":"In Greek mythology, who is the god of wine?","correct_answer":"Dionysus","incorrect_answers":["Hephaestus","Demeter","Apollo"]},{"category":"Mythology","type":"multiple","difficulty":"easy","question":"In most traditions, who was the wife of Zeus?","correct_answer":"Hera","incorrect_answers":["Aphrodite","Athena","Hestia"]},{"category":"Mythology","type":"boolean","difficulty":"easy","question":"According to Greek Mythology, Atlas was an Olympian God.","correct_answer":"False","incorrect_answers":["True"]},{"category":"Mythology","type":"multiple","difficulty":"easy","question":"Which of these mythological creatures is said to be half-man and half-horse?","correct_answer":"Centaur","incorrect_answers":["Minotaur","Pegasus","Gorgon"]},{"category":"Mythology","type":"multiple","difficulty":"easy","question":"What mythology did the god &quot;Apollo&quot; come from?","correct_answer":"Greek and Roman","incorrect_answers":["Roman and Spanish","Greek and Chinese","Greek, Roman and Norse"]},{"category":"Mythology","type":"boolean","difficulty":"easy","question":"A wyvern is the same as a dragon.","correct_answer":"False","incorrect_answers":["True"]},{"category":"Mythology","type":"multiple","difficulty":"easy","question":"What mytological creatures have women&#039;s faces and vultures&#039; bodies?","correct_answer":"Harpies","incorrect_answers":["Mermaids","Nymph","Lilith"]},{"category":"Mythology","type":"multiple","difficulty":"easy","question":"The Nike apparel and footwear brand takes it&#039;s name from the Greek goddess of what?","correct_answer":"Victory","incorrect_answers":["Courage","Strength","Honor"]}]}