{"response_code":0,"results":[{"category":"Mythology","type":"multiple","difficulty":"medium","question":"This Greek mythological figure is the god\/goddess of battle strategy (among other things).","correct_answer":"Athena","incorrect_answers":["Ares","Artemis","Apollo"]},{"category":"Mythology","type":"multiple","difficulty":"medium","question":"The Hippogriff, not to be confused with the Griffon, is a magical creature with the front half of an eagle, and the back half of what?","correct_answer":"A Horse","incorrect_answers":["A Dragon","A Tiger","A Lion"]},{"category":"Mythology","type":"multiple","difficulty":"medium","question":"Who was the Roman god of fire?","correct_answer":"Vulcan","incorrect_answers":["Apollo","Jupiter","Mercury"]},{"category":"Mythology","type":"multiple","difficulty":"medium","question":"Neptune&#039;s greek name was...","correct_answer":"Poseidon","incorrect_answers":["Ares","Zeus","Apollo"]},{"category":"Mythology","type":"multiple","difficulty":"medium","question":"Hera is god of...","correct_answer":"Marriage","incorrect_answers":["Agriculture","Sea","War"]},{"category":"Mythology","type":"multiple","difficulty":"medium","question":"Which of the following Mesopotamian mythological figures was NOT a deity?","correct_answer":"Enkidu","incorrect_answers":["Enki","Enlil","Enkimdu"]},{"category":"Mythology","type":"boolean","difficulty":"medium","question":"According to Norse mythology, Loki is a mother.","correct_answer":"True","incorrect_answers":["False"]},{"category":"Mythology","type":"boolean","difficulty":"medium","question":"The Japanese god Izanagi successfully returned his wife Izanami from the Underworld.","correct_answer":"False","incorrect_answers":["True"]},{"category":"Mythology","type":"multiple","difficulty":"medium","question":"Which of these Roman gods doesn&#039;t have a counterpart in Greek mythology?","correct_answer":"Janus","incorrect_answers":["Vulcan","Juno","Mars"]},{"category":"Mythology","type":"multiple","difficulty":"medium","question":"In Greek Mythology, who killed Achilles?","correct_answer":"Paris","incorrect_answers":["Hector","Helen","Pericles"]},{"category":"Mythology","type":"boolean","difficulty":"medium","question":"In Greek mythology, Hera is the goddess of harvest.","correct_answer":"False","incorrect_answers":["True"]},{"category":"Mythology","type":"multiple","difficulty":"medium","question":"A minotaur is half human half what?","correct_answer":"Bull","incorrect_answers":["Cow","Horse","Eagle"]},{"category":"Mythology","type":"multiple","difficulty":"medium","question":"What is the name of the Greek god of blacksmiths?","correct_answer":"Hephaestus","incorrect_answers":["Dyntos","Vulcan","Artagatus"]},{"category":"Mythology","type":"multiple","difficulty":"medium","question":"According to the Egyptian Myth of Osiris, who murdered Osiris?","correct_answer":"Set","incorrect_answers":["Horus","Ra","Anhur"]},{"category":"Mythology","type":"boolean","difficulty":"medium","question":"The Roman god &quot;Jupiter&quot; was first known as &quot;Zeus&quot; to the Greeks.","correct_answer":"True","incorrect_answers":["False"]},{"category":"Mythology","type":"multiple","difficulty":"medium","question":"Which of the following is not one of the Greek Fates?","correct_answer":"Narcissus","incorrect_answers":["Clotho","Atropos","Lachesis"]},{"category":"Mythology","type":"multiple","difficulty":"medium","question":"In African mythology, Anansi is a trickster and storyteller who takes the shape of which animal?","correct_answer":"Spider","incorrect_answers":["Wild dog","Monkey","Crocodile"]},{"category":"Mythology","type":"multiple","difficulty":"medium","question":"The Maori hold that which island nation was founded by Kupe, who discovered it under a long white cloud?","correct_answer":"New Zealand","incorrect_answers":["Vanuatu","Fiji","Hawaii"]},{"category":"Mythology","type":"multiple","difficulty":"medium","question":"Who is the god of war in Polynesian mythology?","correct_answer":"&#039;Oro","incorrect_answers":["Hina","Kohara","M\u0101ui"]},{"category":"Mythology","type":"multiple","difficulty":"medium","question":"According to Japanese folklore, what is the favorite food of the Kappa.","correct_answer":"Cucumbers","incorrect_answers":["Kabocha","Nasu","Soba"]},{"category":"Mythology","type":"multiple","difficulty":"medium","question":"The Norse god Odin has two pet crows named &quot;Huginn&quot; and &quot;Muninn&quot;.  What do their names mean?","correct_answer":"Thought &amp; Memory","incorrect_answers":["Power &amp; Peace","War &amp; Learning","Sleeping &amp; Waking"]},{"category":"Mythology","type":"multiple","difficulty":"medium","question":"What is the name of the first human being in Norse mythology?","correct_answer":"Ask","incorrect_answers":["Asmund","Ake","Asger"]},{"category":"Mythology","type":"multiple","difficulty":"medium","question":"Which greek god\/goddess tossed a golden apple with the words &quot;for the fairest&quot; into the middle of the feast of the gods?","correct_answer":"Eris","incorrect_answers":["Hades","Ares","Artemis"]},{"category":"Mythology","type":"multiple","difficulty":"medium","question":"What is the name of the Greek god of peaceful deaths?","correct_answer":"Thanatos","incorrect_answers":["Tartarus","Hades","Moros"]},{"category":"Mythology","type":"multiple","difficulty":"medium","question":"Hel was the daughter of which Norse Mythological figure?","correct_answer":"Loki","incorrect_answers":["Thor","Odin","Balder"]},{"category":"Mythology","type":"multiple","difficulty":"medium","question":"What animal did Queen Pasipahe sleep with before she gave birth to the Minotaur in Greek Mythology?","correct_answer":"Bull","incorrect_answers":["Pig","Ox","Horse"]}]}