{"response_code":0,"results":[{"category":"Sports","type":"multiple","difficulty":"hard","question":"How many times did Martina Navratilova win the Wimbledon Singles Championship?","correct_answer":"Nine","incorrect_answers":["Ten","Seven","Eight"]},{"category":"Sports","type":"multiple","difficulty":"hard","question":"What tool lends it&#039;s name to a last-stone advantage in an end in Curling?","correct_answer":"Hammer","incorrect_answers":["Wrench","Drill","Screwdriver"]},{"category":"Sports","type":"multiple","difficulty":"hard","question":"With which doubles partner did John McEnroe have most success?","correct_answer":"Peter Fleming","incorrect_answers":["Mark Woodforde","Michael Stich","Mary Carillo"]},{"category":"Sports","type":"multiple","difficulty":"hard","question":"Where was the Games of the XXII Olympiad held?","correct_answer":"Moscow","incorrect_answers":["Barcelona","Tokyo","Los Angeles"]},{"category":"Sports","type":"multiple","difficulty":"hard","question":"Which car company is the only Japanese company which won the 24 Hours of Le Mans?","correct_answer":"Mazda","incorrect_answers":["Toyota","Subaru","Nissan"]},{"category":"Sports","type":"multiple","difficulty":"hard","question":"Which Italian footballer told Neuer where he&#039;s putting his shot and dragging it wide, during the match Italy-Germany, UEFA EURO 2016?","correct_answer":"Pelle","incorrect_answers":["Insigne","Barzagli","Giaccherini"]},{"category":"Sports","type":"multiple","difficulty":"hard","question":"Which male player won the gold medal of table tennis singles in 2016 Olympics Games?","correct_answer":"Ma Long (China)","incorrect_answers":["Zhang Jike (China)","Jun Mizutani (Japan)","Vladimir Samsonov (Belarus)"]},{"category":"Sports","type":"multiple","difficulty":"hard","question":"Which female player won the gold medal of table tennis singles in 2016 Olympics Games?","correct_answer":"DING Ning (China)","incorrect_answers":["LI Xiaoxia (China)","Ai FUKUHARA (Japan)","Song KIM (North Korea)"]},{"category":"Sports","type":"multiple","difficulty":"hard","question":"What is the full name of the footballer &quot;Cristiano Ronaldo&quot;?","correct_answer":"Cristiano Ronaldo dos Santos Aveiro","incorrect_answers":["Cristiano Ronaldo los Santos Diego","Cristiano Armando Diego Ronaldo","Cristiano Luis Armando Ronaldo"]},{"category":"Sports","type":"multiple","difficulty":"hard","question":"Which year was the third Super Bowl held?","correct_answer":"1969","incorrect_answers":["1968","1971","1970"]},{"category":"Sports","type":"multiple","difficulty":"hard","question":"What team did England beat in the semi-final stage to win in the 1966 World Cup final?","correct_answer":"Portugal","incorrect_answers":["West Germany","Soviet Union","Brazil"]},{"category":"Sports","type":"multiple","difficulty":"hard","question":"Which city features all of their professional sports teams&#039; jersey&#039;s with the same color scheme?","correct_answer":"Pittsburgh","incorrect_answers":["New York","Seattle","Tampa Bay"]},{"category":"Sports","type":"multiple","difficulty":"hard","question":"Which player &quot;kung-fu kicked&quot; a Crystal Palace fan in January 1995?","correct_answer":"Eric Cantona","incorrect_answers":["David Seamen","Ashley Cole","Mark Hughes"]},{"category":"Sports","type":"multiple","difficulty":"hard","question":"Who is Manchester United&#039;s leading appearance maker?","correct_answer":"Ryan Giggs","incorrect_answers":["David Beckham","Wayne Rooney","Eric Cantona"]},{"category":"Sports","type":"multiple","difficulty":"hard","question":"The Mazda 787B won the 24 Hours of Le Mans in what year?","correct_answer":"1991","incorrect_answers":["1990","2000","1987"]},{"category":"Sports","type":"multiple","difficulty":"hard","question":"What is &ldquo;The Sport of Kings&rdquo;?","correct_answer":"Horse Racing","incorrect_answers":["Chess","Jousting","Fencing"]},{"category":"Sports","type":"multiple","difficulty":"hard","question":"Which of these Russian cities did NOT contain a stadium that was used in the 2018 FIFA World Cup?","correct_answer":"Vladivostok","incorrect_answers":["Rostov-on-Don","Yekaterinburg","Kaliningrad"]},{"category":"Sports","type":"multiple","difficulty":"hard","question":"In Canadian football, scoring a rouge is worth how many points?","correct_answer":"1","incorrect_answers":["2","3","4"]},{"category":"Sports","type":"multiple","difficulty":"hard","question":"The AHL affiliate team of the Boston Bruins is named what?","correct_answer":"Providence Bruins","incorrect_answers":["New Haven Bruins","Cambridge Bruins","Hartford Bruins"]},{"category":"Sports","type":"multiple","difficulty":"hard","question":"Which English football team is nicknamed &#039;The Tigers&#039;?","correct_answer":"Hull City","incorrect_answers":["Cardiff City","Bristol City","Manchester City"]}]}