{"response_code":0,"results":[{"category":"Sports","type":"multiple","difficulty":"medium","question":"At which bridge does the annual Oxford and Cambridge boat race start?","correct_answer":"Putney","incorrect_answers":["Hammersmith","Vauxhall ","Battersea"]},{"category":"Sports","type":"multiple","difficulty":"medium","question":"Which German sportswear company&#039;s logo is the &#039;Formstripe&#039;?","correct_answer":"Puma","incorrect_answers":["Nike","Adidas","Reebok"]},{"category":"Sports","type":"multiple","difficulty":"medium","question":"What cricketing term denotes a batsman being dismissed with a score of zero?","correct_answer":"Duck","incorrect_answers":["Bye","Beamer","Carry"]},{"category":"Sports","type":"multiple","difficulty":"medium","question":"Which of these teams isn&#039;t a member of the NHL&#039;s &quot;Original Six&quot; era?","correct_answer":"Philadelphia Flyers","incorrect_answers":["New York Rangers","Toronto Maple Leafs","Boston Bruins"]},{"category":"Sports","type":"multiple","difficulty":"medium","question":"Who was the British professional wrestler Shirley Crabtree better known as?","correct_answer":"Big Daddy","incorrect_answers":["Giant Haystacks","Kendo Nagasaki","Masambula"]},{"category":"Sports","type":"multiple","difficulty":"medium","question":"A stimpmeter measures the speed of a ball over what surface?","correct_answer":"Golf Putting Green","incorrect_answers":[" Football Pitch","Cricket Outfield","Pinball Table"]},{"category":"Sports","type":"multiple","difficulty":"medium","question":"Which Formula One driver was nicknamed &#039;The Professor&#039;?","correct_answer":"Alain Prost","incorrect_answers":["Ayrton Senna","Niki Lauda","Emerson Fittipaldi"]},{"category":"Sports","type":"multiple","difficulty":"medium","question":"How many scoring zones are there on a conventional dart board?","correct_answer":"82","incorrect_answers":["62","42","102"]},{"category":"Sports","type":"multiple","difficulty":"medium","question":"In a game of snooker, what colour ball is worth 3 points?","correct_answer":"Green","incorrect_answers":["Yellow","Brown","Blue"]},{"category":"Sports","type":"multiple","difficulty":"medium","question":"The F1 season of 1994 is remembered for what tragic event?","correct_answer":"Death of Ayrton Senna (San Marino)","incorrect_answers":["The Showdown (Australia)","Verstappen on Fire (Germany)","Schumacher&#039;s Ban (Britain)"]},{"category":"Sports","type":"multiple","difficulty":"medium","question":"What is the highest belt you can get in Taekwondo?","correct_answer":"Black","incorrect_answers":["White","Red","Green"]},{"category":"Sports","type":"multiple","difficulty":"medium","question":"Which country is hosting the 2022 FIFA World Cup?","correct_answer":"Qatar","incorrect_answers":["Uganda","Vietnam","Bolivia"]},{"category":"Sports","type":"boolean","difficulty":"medium","question":"Skateboarding will be included in the 2020 Summer Olympics in Tokyo.","correct_answer":"True","incorrect_answers":["False"]},{"category":"Sports","type":"boolean","difficulty":"medium","question":"Tennis was once known as Racquetball.","correct_answer":"False","incorrect_answers":["True"]},{"category":"Sports","type":"multiple","difficulty":"medium","question":"Which team was the 2015-2016 NBA Champions?","correct_answer":"Cleveland Cavaliers","incorrect_answers":["Golden State Warriors","Toronto Raptors","Oklahoma City Thunders"]},{"category":"Sports","type":"multiple","difficulty":"medium","question":"Which team was the 2014-2015 NBA Champions?","correct_answer":"Golden State Warriors","incorrect_answers":["Cleveland Cavaliers","Houston Rockets","Atlanta Hawks"]},{"category":"Sports","type":"multiple","difficulty":"medium","question":"Which car manufacturer won the 2016 24 Hours of Le Mans?","correct_answer":"Porsche","incorrect_answers":["Toyota","Audi","Ferrari"]},{"category":"Sports","type":"boolean","difficulty":"medium","question":"The Olympics tennis court is a giant green screen.","correct_answer":"True","incorrect_answers":["False"]},{"category":"Sports","type":"multiple","difficulty":"medium","question":"Which soccer team won the Copa Am&eacute;rica 2015 Championship ?","correct_answer":"Chile","incorrect_answers":["Argentina","Brazil","Paraguay"]},{"category":"Sports","type":"multiple","difficulty":"medium","question":"What national team won the 2016 edition of UEFA European Championship?","correct_answer":"Portugal","incorrect_answers":["France","Germany","England"]},{"category":"Sports","type":"boolean","difficulty":"medium","question":"Formula E is an auto racing series that uses hybrid electric race cars.","correct_answer":"False","incorrect_answers":["True"]},{"category":"Sports","type":"multiple","difficulty":"medium","question":"In 2016, who won the Formula 1 World Constructor&#039;s Championship for the third time in a row?","correct_answer":"Mercedes-AMG Petronas","incorrect_answers":["Scuderia Ferrari","McLaren Honda","Red Bull Racing Renault"]},{"category":"Sports","type":"multiple","difficulty":"medium","question":"In Formula 1, the Virtual Safety Car was introduced following the fatal crash of which driver?","correct_answer":"Jules Bianchi","incorrect_answers":["Ayrton Senna","Ronald Ratzenberger","Gilles Villeneuve"]},{"category":"Sports","type":"multiple","difficulty":"medium","question":"Which of the following Grand Slam tennis tournaments occurs LAST?","correct_answer":"US Open","incorrect_answers":["French Open","Wimbledon","Australian Open"]},{"category":"Sports","type":"multiple","difficulty":"medium","question":"What is the exact length of one non-curved part in Lane 1 of an Olympic Track?","correct_answer":"84.39m","incorrect_answers":["100m","100yd","109.36yd"]},{"category":"Sports","type":"multiple","difficulty":"medium","question":"Which portuguese island is soccer player Cristiano Ronaldo from?","correct_answer":"Madeira","incorrect_answers":["Terceira","Santa Maria","Porto Santo"]},{"category":"Sports","type":"boolean","difficulty":"medium","question":"Wilt Chamberlain scored his infamous 100-point-game against the New York Knicks in 1962.","correct_answer":"True","incorrect_answers":["False"]},{"category":"Sports","type":"multiple","difficulty":"medium","question":"Who won the &quot;Champions League&quot; in 1999?","correct_answer":"Manchester United","incorrect_answers":["Barcelona","Bayern Munich","Liverpool"]},{"category":"Sports","type":"multiple","difficulty":"medium","question":"Who won the 2015 College Football Playoff (CFP) National Championship? ","correct_answer":"Ohio State Buckeyes","incorrect_answers":["Alabama Crimson Tide","Clemson Tigers","Wisconsin Badgers"]},{"category":"Sports","type":"multiple","difficulty":"medium","question":"What year was hockey legend Wayne Gretzky born?","correct_answer":"1961","incorrect_answers":["1965","1959","1963"]},{"category":"Sports","type":"multiple","difficulty":"medium","question":"Which of the following pitchers was named National League Rookie of the Year for the 2013 season?","correct_answer":"Jose Fernandez","incorrect_answers":["Jacob deGrom","Shelby Miller","Matt Harvey"]},{"category":"Sports","type":"multiple","difficulty":"medium","question":"Why was The Green Monster at Fenway Park was originally built?","correct_answer":"To prevent viewing games from outside the park.","incorrect_answers":["To make getting home runs harder.","To display advertisements.","To provide extra seating."]},{"category":"Sports","type":"multiple","difficulty":"medium","question":"Which sport is NOT traditionally played during the Mongolian Naadam festival?","correct_answer":"American Football","incorrect_answers":["Wrestling","Archery","Horse-Racing"]},{"category":"Sports","type":"multiple","difficulty":"medium","question":"In what sport does Fanny Chmelar compete for Germany?","correct_answer":"Skiing","incorrect_answers":["Swimming","Showjumping","Gymnastics"]},{"category":"Sports","type":"multiple","difficulty":"medium","question":"How many French Open&#039;s did Bj&ouml;rn Borg win?","correct_answer":"6","incorrect_answers":["4","9","2"]},{"category":"Sports","type":"boolean","difficulty":"medium","question":"ATP tennis hosted several tournaments on carpet court before being replaced to reduce injuries.","correct_answer":"True","incorrect_answers":["False"]},{"category":"Sports","type":"multiple","difficulty":"medium","question":"How many premier league trophies did Sir Alex Ferguson win during his time at Manchester United?","correct_answer":"13","incorrect_answers":["11","20","22"]},{"category":"Sports","type":"multiple","difficulty":"medium","question":"Who is Manchester United&#039;s top premier league goal scorer?","correct_answer":"Wayne Rooney","incorrect_answers":["Sir Bobby Charlton","Ryan Giggs","David Beckham"]},{"category":"Sports","type":"multiple","difficulty":"medium","question":"Which professional wrestler fell from the rafters to his death during a live Pay-Per-View event in 1999?","correct_answer":"Owen Hart","incorrect_answers":["Chris Benoit","Lex Luger","Al Snow"]},{"category":"Sports","type":"multiple","difficulty":"medium","question":"Who was the topscorer for England national football team?","correct_answer":"Wayne Rooney","incorrect_answers":["David Beckham","Steven Gerrard","Michael Owen"]},{"category":"Sports","type":"multiple","difficulty":"medium","question":"Which Formula 1 driver switched teams in the middle of the 2017 season?","correct_answer":"Carlos Sainz Jr.","incorrect_answers":["Daniil Kvyat","Jolyon Palmer","Rio Haryanto"]},{"category":"Sports","type":"multiple","difficulty":"medium","question":"What is Tiger Woods&#039; all-time best career golf-score?","correct_answer":"61","incorrect_answers":["65","63","67"]},{"category":"Sports","type":"multiple","difficulty":"medium","question":"Who won the 2011 Stanley Cup?","correct_answer":"Boston Bruins","incorrect_answers":["Montreal Canadiens","New York Rangers","Toronto Maple Leafs"]},{"category":"Sports","type":"multiple","difficulty":"medium","question":"What is the name of the AHL affiliate of the Toronto Maple Leafs?","correct_answer":"Toronto Marlies","incorrect_answers":["Toronto Rock","Toronto Argonauts","Toronto Wolfpack"]},{"category":"Sports","type":"multiple","difficulty":"medium","question":"What country hosted the 2014 Winter Olympics?","correct_answer":"Russia","incorrect_answers":["Canada","United States","Germany"]},{"category":"Sports","type":"multiple","difficulty":"medium","question":"Which NBA player has the most games played over the course of their career?","correct_answer":"Robert Parish","incorrect_answers":["Kareem Abdul-Jabbar","Kevin Garnett","Kobe Bryant"]},{"category":"Sports","type":"multiple","difficulty":"medium","question":"Which basketball team has attended the most NBA grand finals?","correct_answer":"Los Angeles Lakers","incorrect_answers":["Boston Celtics","Philadelphia 76ers","Golden State Warriors"]},{"category":"Sports","type":"multiple","difficulty":"medium","question":"Which country did Kabaddi, a contact sport involving tackling, originate from?","correct_answer":"India","incorrect_answers":["Australia","Turkey","Cambodia"]},{"category":"Sports","type":"multiple","difficulty":"medium","question":"Which of these countries&#039; national teams qualified for the 2018 FIFA World Cup in Russia?","correct_answer":"Tunisia","incorrect_answers":["United States of America","Italy","Netherlands"]},{"category":"Sports","type":"multiple","difficulty":"medium","question":"Who won the 2018 Monaco Grand Prix?","correct_answer":"Daniel Ricciardo","incorrect_answers":["Sebastian Vettel","Kimi Raikkonen","Lewis Hamilton"]}]}