{"response_code":0,"results":[{"category":"Science: Gadgets","type":"multiple","difficulty":"easy","question":"The term &quot;battery&quot; to describe an electrical storage device was coined by?","correct_answer":"Benjamin Franklin","incorrect_answers":["Nikola Tesla","Luigi Galvani"," Alessandro Volta"]},{"category":"Science: Gadgets","type":"boolean","difficulty":"easy","question":"The communication protocol NFC stands for Near-Field Control.","correct_answer":"False","incorrect_answers":["True"]},{"category":"Science: Gadgets","type":"multiple","difficulty":"easy","question":"Which buzzword did Apple Inc. use to describe their removal of the headphone jack?","correct_answer":"Courage","incorrect_answers":["Innovation","Revolution","Bravery"]},{"category":"Science: Gadgets","type":"boolean","difficulty":"easy","question":"Microphones can be used not only to pick up sound, but also to project sound similar to a speaker.","correct_answer":"True","incorrect_answers":["False"]},{"category":"Science: Gadgets","type":"multiple","difficulty":"easy","question":"When was the Tamagotchi digital pet released?","correct_answer":"1996","incorrect_answers":["1989","1992","1990"]},{"category":"Science: Gadgets","type":"multiple","difficulty":"easy","question":"When was the DVD invented?","correct_answer":"1995","incorrect_answers":["2000","1990","1980"]},{"category":"Science: Gadgets","type":"multiple","difficulty":"easy","question":"When did the CD begin to appear on the consumer market?","correct_answer":"1982","incorrect_answers":["1992","1972","1962"]},{"category":"Science: Gadgets","type":"multiple","difficulty":"easy","question":"When was the iPhone released?","correct_answer":"2007","incorrect_answers":["2005","2006","2004"]},{"category":"Science: Gadgets","type":"multiple","difficulty":"easy","question":"What round is a classic AK-47 chambered in?","correct_answer":"7.62x39mm","incorrect_answers":["7.62x51mm","5.56x45mm","5.45x39mm"]}]}