{"response_code":0,"results":[{"category":"Science: Gadgets","type":"multiple","difficulty":"medium","question":"What are the base station trackers used for the HTC Vive called?","correct_answer":"Lighthouse","incorrect_answers":["Motion","Constellation ","Trackers"]},{"category":"Science: Gadgets","type":"multiple","difficulty":"medium","question":"Which company designed the &quot;Betamax&quot; video cassette format?","correct_answer":"Sony","incorrect_answers":["Panasonic","LG","Fujitsu"]},{"category":"Science: Gadgets","type":"boolean","difficulty":"medium","question":"The Western Electric Model 500 telephone uses tone dialing to dial phone numbers.","correct_answer":"False","incorrect_answers":["True"]},{"category":"Science: Gadgets","type":"multiple","difficulty":"medium","question":"Who patented a steam engine that produced continuous rotary motion?","correct_answer":"James Watt","incorrect_answers":["Nikola Tesla","Albert Einstein","Alessandro Volta"]},{"category":"Science: Gadgets","type":"multiple","difficulty":"medium","question":"In what year was the Oculus Rift revealed to the public through a Kickstarter campaign?","correct_answer":"2012","incorrect_answers":["2010","2011","2013"]},{"category":"Science: Gadgets","type":"multiple","difficulty":"medium","question":"Which company developed the Hololens?","correct_answer":"Microsoft","incorrect_answers":["HTC","Oculus","Tobii"]},{"category":"Science: Gadgets","type":"multiple","difficulty":"medium","question":"Mobile hardware and software company &quot;Blackberry Limited&quot; was founded in which country?","correct_answer":"Canada","incorrect_answers":["Norway","United States of America","United Kingdom"]},{"category":"Science: Gadgets","type":"multiple","difficulty":"medium","question":"What is the &quot;Mitsubishi Wakamaru&quot;?","correct_answer":"A robot","incorrect_answers":["A pickup truck","An motorcycle","A motorboat"]},{"category":"Science: Gadgets","type":"multiple","difficulty":"medium","question":"Out of all of the NASA Space Shuttles, which 2 have been destroyed in disasters?","correct_answer":"Challenger and Columbia","incorrect_answers":["Enterprise and Atlantis","Discovery and Endeavour","None of the Above"]},{"category":"Science: Gadgets","type":"multiple","difficulty":"medium","question":"What is the most significant side venture the popular firearms company, Remington, has pursued?","correct_answer":"Typewriters","incorrect_answers":["Blenders","Ceiling Fans","Door Knobs"]}]}