{"response_code":0,"results":[{"category":"Science: Gadgets","type":"multiple","difficulty":"hard","question":"Which of the following is the standard THX subwoofer crossover frequency?","correct_answer":"80 Hz","incorrect_answers":["70 Hz","90 Hz","100 Hz"]},{"category":"Science: Gadgets","type":"multiple","difficulty":"hard","question":"Who built the first laser?","correct_answer":"Theodore Harold Maiman","incorrect_answers":["Nikola Tesla","Jack Kilby","Edith Clarke"]},{"category":"Science: Gadgets","type":"multiple","difficulty":"hard","question":"Which of the following cellular device companies is NOT headquartered in Asia?","correct_answer":"Nokia","incorrect_answers":["LG Electronics","Samsung","HTC"]},{"category":"Science: Gadgets","type":"multiple","difficulty":"hard","question":"Which round does a WW2 M1 Garand fire?","correct_answer":".30-06","incorrect_answers":[".308","7.62","7.62x51mm"]},{"category":"Science: Gadgets","type":"multiple","difficulty":"hard","question":"Which of the following is used to measure blood pressure?","correct_answer":"Sphygmomanometer","incorrect_answers":["Barometer","Ruler","Haemoerythrometer"]}]}