{"response_code":0,"results":[{"category":"Art","type":"multiple","difficulty":"hard","question":"Painter Piet Mondrian (1872 - 1944) was a part of what movement?","correct_answer":"Neoplasticism","incorrect_answers":["Precisionism","Cubism","Impressionism"]},{"category":"Art","type":"multiple","difficulty":"hard","question":"What French sculptor designed the Statue of Liberty? ","correct_answer":"Fr&eacute;d&eacute;ric Auguste Bartholdi","incorrect_answers":["Jean-L&eacute;on G&eacute;r&ocirc;me","Auguste Rodin","Henri Matisse"]},{"category":"Art","type":"multiple","difficulty":"hard","question":"Albrecht D&uuml;rer's birthplace and place of death were in...","correct_answer":"N&uuml;rnberg","incorrect_answers":["Augsburg","Bamberg","Berlin"]},{"category":"Art","type":"multiple","difficulty":"hard","question":"What year did Albrecht D&uuml;rer create the painting &quot;The Young Hare&quot;?","correct_answer":"1502","incorrect_answers":["1702","1402","1602"]},{"category":"Art","type":"multiple","difficulty":"hard","question":"What year was the Mona Lisa finished?","correct_answer":"1504","incorrect_answers":["1487","1523","1511"]},{"category":"Art","type":"multiple","difficulty":"hard","question":"Which of these is not an additional variation of the color purple?","correct_answer":"Kobicha","incorrect_answers":["Byzantium","Pomp and Power","Palatinate"]},{"category":"Art","type":"multiple","difficulty":"hard","question":"How many paint and pastel versions of &quot;The Scream&quot; is Norwegian painter Edvard Munch believed to have produced?","correct_answer":"4","incorrect_answers":["1","3","2"]},{"category":"Art","type":"boolean","difficulty":"hard","question":"The Statue of Liberty's official name is &ldquo;Liberty Enlightening the World&rdquo;.","correct_answer":"True","incorrect_answers":["False"]},{"category":"Art","type":"multiple","difficulty":"hard","question":"The painting &quot;The Starry Night&quot; by Vincent van Gogh was part of which art movement?","correct_answer":"Post-Impressionism","incorrect_answers":["Romanticism","Neoclassical","Impressionism"]}]}