{"response_code":0,"results":[{"category":"Art","type":"multiple","difficulty":"easy","question":"Who painted the Mona Lisa?","correct_answer":"Leonardo da Vinci","incorrect_answers":["Pablo Picasso","Claude Monet","Vincent van Gogh"]},{"category":"Art","type":"multiple","difficulty":"easy","question":"Who painted the Sistine Chapel?","correct_answer":"Michelangelo","incorrect_answers":["Leonardo da Vinci","Pablo Picasso","Raphael"]},{"category":"Art","type":"boolean","difficulty":"easy","question":"Leonardo da Vinci's Mona Lisa does not have eyebrows.","correct_answer":"True","incorrect_answers":["False"]},{"category":"Art","type":"multiple","difficulty":"easy","question":"Who painted &quot;Swans Reflecting Elephants&quot;, &quot;Sleep&quot;, and &quot;The Persistence of Memory&quot;?","correct_answer":"Salvador Dali","incorrect_answers":["Jackson Pollock","Vincent van Gogh","Edgar Degas"]},{"category":"Art","type":"boolean","difficulty":"easy","question":"Leonardo da Vinci was not the creator of the Mona Lisa.","correct_answer":"False","incorrect_answers":["True"]},{"category":"Art","type":"multiple","difficulty":"easy","question":"Who painted The Starry Night?","correct_answer":"Vincent van Gogh","incorrect_answers":["Pablo Picasso","Leonardo da Vinci","Michelangelo"]},{"category":"Art","type":"multiple","difficulty":"easy","question":"Which Van Gogh painting depicts the view from his asylum in Saint-R&eacute;my-de-Provence in southern France?","correct_answer":"The Starry Night","incorrect_answers":["Wheatfields with Crows","The Sower with Setting Sun","The Church at Auvers"]},{"category":"Art","type":"multiple","difficulty":"easy","question":"Which painting was not made by Vincent Van Gogh?","correct_answer":"The Ninth Wave","incorrect_answers":["Caf&eacute; Terrace at Night","Bedroom In Arles","Starry Night"]},{"category":"Art","type":"multiple","difficulty":"easy","question":"Who painted the biblical fresco The Creation of Adam?","correct_answer":"Michelangelo","incorrect_answers":["Leonardo da Vinci","Caravaggio","Rembrandt"]}]}