{"response_code":0,"results":[{"category":"Art","type":"multiple","difficulty":"medium","question":"Which time signature is commonly known as &ldquo;Cut Time?&rdquo;","correct_answer":"2\/2","incorrect_answers":["4\/4","6\/8","3\/4"]},{"category":"Art","type":"multiple","difficulty":"medium","question":"Which artist&rsquo;s studio was known as 'The Factory'?","correct_answer":"Andy Warhol","incorrect_answers":["Roy Lichtenstein","David Hockney","Peter Blake"]},{"category":"Art","type":"multiple","difficulty":"medium","question":"What nationality was the surrealist painter Salvador Dali?","correct_answer":"Spanish","incorrect_answers":["Italian","French","Portuguese"]},{"category":"Art","type":"boolean","difficulty":"medium","question":"Vincent van Gogh cut off one of his ears.","correct_answer":"True","incorrect_answers":["False"]},{"category":"Art","type":"boolean","difficulty":"medium","question":"Pablo Picasso is one of the founding fathers of &quot;Cubism.&quot;","correct_answer":"True","incorrect_answers":["False"]},{"category":"Art","type":"multiple","difficulty":"medium","question":"Which one of these paintings is not by Caspar David Friedrich?","correct_answer":"The Black Sea","incorrect_answers":["The Sea of Ice","Wanderer above the Sea of Fog","The Monk by the Sea"]},{"category":"Art","type":"multiple","difficulty":"medium","question":"Which of these are the name of a famous marker brand?","correct_answer":"Copic","incorrect_answers":["Dopix","Cofix","Marx"]},{"category":"Art","type":"multiple","difficulty":"medium","question":"Which artist's style was to use small different colored dots to create a picture?","correct_answer":"Georges Seurat","incorrect_answers":["Paul C&eacute;zanne","Vincent Van Gogh","Henri Rousseau"]},{"category":"Art","type":"multiple","difficulty":"medium","question":"Who designed the Chupa Chups logo?","correct_answer":"Salvador Dali","incorrect_answers":["Pablo Picasso","Andy Warhol","Vincent van Gogh"]},{"category":"Art","type":"boolean","difficulty":"medium","question":"Venus of Willendorf is one of the earliest works of art, depicting the planets Mars and Venus embrace in the heavens at night.","correct_answer":"False","incorrect_answers":["True"]},{"category":"Art","type":"multiple","difficulty":"medium","question":"Who painted the epic mural Guernica?","correct_answer":"Pablo Picasso","incorrect_answers":["Francisco Goya","Leonardo da Vinci","Henri Matisse"]}]}