{"response_code":0,"results":[{"category":"Entertainment: Video Games","type":"boolean","difficulty":"hard","question":"The retail disc of Tony Hawk&#039;s Pro Skater 5 only comes with the tutorial.","correct_answer":"True","incorrect_answers":["False"]},{"category":"Entertainment: Video Games","type":"multiple","difficulty":"hard","question":"How many people can you recruit in the game Suikoden in a single playthrough?","correct_answer":"107","incorrect_answers":["108","93","96"]},{"category":"Entertainment: Video Games","type":"boolean","difficulty":"hard","question":"In &quot;The Sims&quot; series, the most members in a household you can have is 8.","correct_answer":"True","incorrect_answers":["False"]},{"category":"Entertainment: Video Games","type":"multiple","difficulty":"hard","question":"In the game &quot;The Sims&quot;, how many Simoleons does each family start with?","correct_answer":"20,000","incorrect_answers":["10,000","15,000","25,000"]},{"category":"Entertainment: Video Games","type":"multiple","difficulty":"hard","question":"The map featured in Arma 3 named &quot;Altis&quot; is based off of what Greek island?","correct_answer":"Lemnos","incorrect_answers":["Ithaca","Naxos","Anafi"]},{"category":"Entertainment: Video Games","type":"multiple","difficulty":"hard","question":"Which of these characters in &quot;Undertale&quot; can the player NOT go on a date with?","correct_answer":"Toriel","incorrect_answers":["Papyrus","Undyne","Alphys"]},{"category":"Entertainment: Video Games","type":"multiple","difficulty":"hard","question":"Why was the character Trevor Philips discharged from the Air Force?","correct_answer":"Mental Health Issues","incorrect_answers":["Injuries","Disease","Danger to Others"]},{"category":"Entertainment: Video Games","type":"multiple","difficulty":"hard","question":"When was Steam first released?","correct_answer":"2003","incorrect_answers":["2004","2011","2007"]},{"category":"Entertainment: Video Games","type":"multiple","difficulty":"hard","question":"Which game was exclusive to Dreamcast?","correct_answer":"Pen Pen TriIcelon","incorrect_answers":["Sylvester &amp; Tweety in Cagey Capers","Perfect Dark","Tetrisphere"]},{"category":"Entertainment: Video Games","type":"multiple","difficulty":"hard","question":"What device allows Tracer to manipulate her own time in the game &quot;Overwatch&quot;?","correct_answer":"Chronal Accelerator","incorrect_answers":["B.L.I.N.K","Spacial Displacement Manipulator","TMD (Time Manipulation Device)"]},{"category":"Entertainment: Video Games","type":"multiple","difficulty":"hard","question":"Meryl Silverburgh, a video game character from the Metal Gear series, was originally a character in which game?","correct_answer":"Policenauts","incorrect_answers":["Gradius","Contra","Castlevania: Symphony of the Night"]},{"category":"Entertainment: Video Games","type":"multiple","difficulty":"hard","question":"In the Fallout series, on which date did The Great War happen?","correct_answer":"October 23rd, 2077","incorrect_answers":["May 15th, 2058","December 14th, 2069","November 5th, 2076"]},{"category":"Entertainment: Video Games","type":"multiple","difficulty":"hard","question":"In the National Pokedex what number is Porygon-Z?","correct_answer":"474","incorrect_answers":["376","432","589"]},{"category":"Entertainment: Video Games","type":"multiple","difficulty":"hard","question":"What was the world&#039;s first handheld game device?","correct_answer":"Mattel Auto Race","incorrect_answers":["Game Boy","Microvision","Game &amp; Watch"]},{"category":"Entertainment: Video Games","type":"multiple","difficulty":"hard","question":"In Counter Strike: Global Offensive, what is the code implanted onto the C4 as the Terrorists plant the bomb?","correct_answer":"7355608","incorrect_answers":["7890728","7256380","7726354"]},{"category":"Entertainment: Video Games","type":"multiple","difficulty":"hard","question":"In Xenoblade Chronicles X, which class has a sniper rifle as it&#039;s primary weapon?","correct_answer":"Partisan Eagle","incorrect_answers":["Blast Fencer","Winged Viper","Bastion Warrior"]},{"category":"Entertainment: Video Games","type":"multiple","difficulty":"hard","question":"In the game Danganronpa: Happy Trigger Havoc, the character Aoi Asahina&#039;s ultimate ability is what?","correct_answer":"Ultimate Swimmer","incorrect_answers":["Ultimate Detective","Ultimate Gambler","Ultimate Dancer"]},{"category":"Entertainment: Video Games","type":"boolean","difficulty":"hard","question":"The names of Roxas&#039;s Keyblades in Kingdom Hearts are &quot;Oathkeeper&quot; and &quot;Oblivion&quot;.","correct_answer":"True","incorrect_answers":["False"]},{"category":"Entertainment: Video Games","type":"multiple","difficulty":"hard","question":"Which of these Pok&eacute;mon cannot learn Surf?","correct_answer":"Arbok","incorrect_answers":["Linoone","Tauros","Nidoking"]},{"category":"Entertainment: Video Games","type":"multiple","difficulty":"hard","question":"The voice actor for which Portal 2 character was not a TV or film actor prior to the game?","correct_answer":"GLaDOS","incorrect_answers":["Cave Johnson","Wheatley","Atlas \/ P-Body"]},{"category":"Entertainment: Video Games","type":"multiple","difficulty":"hard","question":"Which day in &quot;Papers, Please&quot; does the man in red appear?","correct_answer":"Day 23","incorrect_answers":["Day 20","Day 17","Day 15"]},{"category":"Entertainment: Video Games","type":"multiple","difficulty":"hard","question":"In the Pok&eacute;mon series, what is Palkia&#039;s hidden ability?","correct_answer":"Telepathy","incorrect_answers":["Pressure","Water Bubble","Hydration"]},{"category":"Entertainment: Video Games","type":"multiple","difficulty":"hard","question":"In Super Smash Bros. for Nintendo 3DS and Nintendo Wii U, who was the sixth fighter to be added to the game post-launch?","correct_answer":"Corrin","incorrect_answers":["Cloud","Bayonnetta","Ryu"]},{"category":"Entertainment: Video Games","type":"multiple","difficulty":"hard","question":"How many playable characters are there in Super Smash Bros. for Nintendo 3DS and Wii U?","correct_answer":"58","incorrect_answers":["48","51","55"]},{"category":"Entertainment: Video Games","type":"multiple","difficulty":"hard","question":"&quot;Gimmick!&quot; is a Japanese Famicom game that uses a sound chip expansion in the cartridge. What is it called?","correct_answer":"FME-7","incorrect_answers":["VRC7","VRC6","MMC5"]},{"category":"Entertainment: Video Games","type":"boolean","difficulty":"hard","question":"All of these maps were in &quot;Tom Clancy&#039;s Rainbow Six Siege&quot; on its initial release: House, Clubhouse, Border, Consulate.","correct_answer":"False","incorrect_answers":["True"]},{"category":"Entertainment: Video Games","type":"multiple","difficulty":"hard","question":"Which team won the &quot;Tom Clancy&#039;s Rainbow Six Siege&quot; Invitational Event February 2017 in the PC Category?","correct_answer":"Continuum","incorrect_answers":["GIFU","Santos Dexterity","eRa Eternity"]},{"category":"Entertainment: Video Games","type":"multiple","difficulty":"hard","question":"Which character from the Mega Man series made a small cameo on Volt Catfish&#039;s introduction scene in CD versions of Mega Man X3?","correct_answer":"Auto","incorrect_answers":["Eddie","Tango","Rush"]},{"category":"Entertainment: Video Games","type":"multiple","difficulty":"hard","question":"Which of the following games in the The Legend of Zelda franchise was released in Japan before North America?","correct_answer":"The Legend of Zelda: The Minish Cap","incorrect_answers":["The Legend of Zelda: Twilight Princess","The Legend of Zelda: Spirit Tracks","The Legend of Zelda: Four Swords"]},{"category":"Entertainment: Video Games","type":"multiple","difficulty":"hard","question":"In the &quot;Little Lost Girl&quot; Easter Egg in Call of Duty: Black Ops II, what&#039;s the last step required for the achievement?","correct_answer":"Raise Hell","incorrect_answers":["Freedom","Skewer the Winged Beast","Ascend from Darkness"]},{"category":"Entertainment: Video Games","type":"multiple","difficulty":"hard","question":"In &quot;Starbound&quot;, according to the asset files, the description of the &quot;Erchius Ghost&quot; is the same as which other assets?","correct_answer":"Spookit","incorrect_answers":["Petricub","Trictus","Pyromantle"]},{"category":"Entertainment: Video Games","type":"multiple","difficulty":"hard","question":"According to the lore of &quot;Starbound&quot;, what does the &quot;Colony Deed&quot; do when it is placed down?","correct_answer":"Sends out an advertisement for someone to move in.","incorrect_answers":["Teleports somebody from somewhere on the planet it is placed.","Teleports a random person to the location.","Materializes a new being at it&#039;s location."]},{"category":"Entertainment: Video Games","type":"multiple","difficulty":"hard","question":"Which game in the &quot;Dark Souls&quot; series does the player play as the &quot;Ashen One&quot;?","correct_answer":"Dark Souls III","incorrect_answers":["Dark Souls I","Bloodborne","Demon Souls"]},{"category":"Entertainment: Video Games","type":"multiple","difficulty":"hard","question":"In the &quot;PAYDAY&quot; series, what is the real name of the character known as &quot;Dallas&quot;?","correct_answer":"Nathan Steele","incorrect_answers":["Nate Siemens","Nick Stamos","Nolan Stuhlinger"]},{"category":"Entertainment: Video Games","type":"multiple","difficulty":"hard","question":"In &quot;Call Of Duty: Zombies&quot;, which weapon does NOT deal any damage?","correct_answer":"31-79 JGb215","incorrect_answers":["Sliquifier","V-R11","Wunderwaffe DG-2"]},{"category":"Entertainment: Video Games","type":"multiple","difficulty":"hard","question":"In the &quot;Call Of Duty: Zombies&quot; map &quot;Origins&quot;, where is &quot;Stamin-Up&quot; located?","correct_answer":"Generator 5","incorrect_answers":["Generator 3","Generator 4","Excavation Site"]},{"category":"Entertainment: Video Games","type":"multiple","difficulty":"hard","question":"In &quot;Team Fortress 2&quot;, what is the fastest taunt kill that can be pulled off?","correct_answer":"Showdown","incorrect_answers":["Hadouken","Organ Grinder","Skewer"]},{"category":"Entertainment: Video Games","type":"multiple","difficulty":"hard","question":"What is the name of the main island in PLAYERUNKNOWN&#039;S BATTLEGROUNDS?","correct_answer":"Erangel","incorrect_answers":["Marmara","Severny","Lastovo"]},{"category":"Entertainment: Video Games","type":"multiple","difficulty":"hard","question":"What is the 4th boss in the 1997 video game &quot;Crash Bandicoot 2: Cortex Strikes Back&quot;?","correct_answer":"Dr. N. Gin","incorrect_answers":["Dr. Neo Cortex","Komodo Brothers","Tiny Tiger"]},{"category":"Entertainment: Video Games","type":"multiple","difficulty":"hard","question":"What military rank is the protagonist &quot;Nomad&quot; in &quot;Crysis&quot;?","correct_answer":"First Lieutenant","incorrect_answers":["Captain","First Sargent ","Staff Sargent"]},{"category":"Entertainment: Video Games","type":"multiple","difficulty":"hard","question":"Which gaming series includes &quot;The Diabolical Box&quot; and &quot;The Curious Village&quot;?","correct_answer":"Professor Layton","incorrect_answers":["Persona","Etrian Odyssey","Sam &amp; Max"]},{"category":"Entertainment: Video Games","type":"multiple","difficulty":"hard","question":"&quot;Exile&quot; and &quot;Revelations&quot; were the third and fourth installments of which PC game series?","correct_answer":"Myst","incorrect_answers":["Shivers","Doom","Tropico"]},{"category":"Entertainment: Video Games","type":"multiple","difficulty":"hard","question":"What vault in the video game &quot;Fallout 3&quot; is the home of multiple clones named Gary?","correct_answer":"Vault 108","incorrect_answers":["Vault 101","Vault 87","Vault 21"]},{"category":"Entertainment: Video Games","type":"multiple","difficulty":"hard","question":"In the Kingdom Hearts series, which is not an optional boss you can fight?","correct_answer":"Master Yen Sid","incorrect_answers":["Sephiroth","Julius","Kurt Zisa"]},{"category":"Entertainment: Video Games","type":"multiple","difficulty":"hard","question":"In the indie farming game &quot;Stardew Valley&quot;, which NPC hates the &quot;prismatic shard&quot; item when received as a gift?","correct_answer":"Haley","incorrect_answers":["Abigail ","Elliott","Lewis"]},{"category":"Entertainment: Video Games","type":"multiple","difficulty":"hard","question":"What is the name of the alligator in Where&#039;s My Water?","correct_answer":"Swampy","incorrect_answers":["Cranky","Crocky","Justice"]},{"category":"Entertainment: Video Games","type":"multiple","difficulty":"hard","question":"In the game Warframe, what Mastery Rank do you need to have to build the Tigris Prime?","correct_answer":"13","incorrect_answers":["6","18","10"]},{"category":"Entertainment: Video Games","type":"multiple","difficulty":"hard","question":"GoldenEye 007 on the Nintendo 64 was planned to allow you to play as all previous Bond actors, with the exception of who?","correct_answer":"George Lazenby","incorrect_answers":["Roger Moore","Sean Connery","Timothy Dalton"]},{"category":"Entertainment: Video Games","type":"boolean","difficulty":"hard","question":"In The Witcher 3, the Zoltan Chivay Gwent card can be found under the Hanged Man&#039;s Tree.","correct_answer":"True","incorrect_answers":["False"]},{"category":"Entertainment: Video Games","type":"multiple","difficulty":"hard","question":"In Terraria, which debuff does the ankh charm not provide immunity to?","correct_answer":"Venom","incorrect_answers":["Cursed","Bleeding","Slow"]}]}