{"response_code":0,"results":[{"category":"Entertainment: Video Games","type":"multiple","difficulty":"medium","question":"What snowy mob was added in Minecraft 1.10?","correct_answer":"Polar bears","incorrect_answers":["Eskimos","Penguins","Walking TNT"]},{"category":"Entertainment: Video Games","type":"multiple","difficulty":"medium","question":"In Forza Motorsport 6, which of these track-exclusive cars was NOT featured in the game, either originally with the game or added as DLC?","correct_answer":"Aston Martin Vulcan","incorrect_answers":["Ferrari FXX-K","McLaren P1 GTR","Lotus E23"]},{"category":"Entertainment: Video Games","type":"multiple","difficulty":"medium","question":"Who composed the soundtrack for the game VVVVVV?","correct_answer":"Magnus P&aring;lsson","incorrect_answers":["Terry Cavanagh","Danny Baranowsky","Joel Zimmerman"]},{"category":"Entertainment: Video Games","type":"multiple","difficulty":"medium","question":"Which puzzle game was designed by a Russian programmer, featuring Russian buildings and music?","correct_answer":"Tetris","incorrect_answers":["Jenga","Boulder Dash","Puzzled"]},{"category":"Entertainment: Video Games","type":"multiple","difficulty":"medium","question":"In Call of Duty: United Offensive, what two soldiers share a name of a video game character?","correct_answer":"Gordon &amp; Freeman","incorrect_answers":["Sam &amp; Fisher","Nathan &amp; Drake","Dig &amp; Dug"]},{"category":"Entertainment: Video Games","type":"multiple","difficulty":"medium","question":"Which company made the Japanese RPG &quot;Dragon Quest&quot;?","correct_answer":"Square Enix","incorrect_answers":["Capcom","Konami","Blizzard"]},{"category":"Entertainment: Video Games","type":"multiple","difficulty":"medium","question":"Capcom&#039;s survival horror title Dead Rising, canonically starts on what day of September 2006?","correct_answer":"September 19th","incorrect_answers":["September 21st","September 30th","September 14th"]},{"category":"Entertainment: Video Games","type":"boolean","difficulty":"medium","question":"The Sniper&#039;s SMG in Team Fortress 2, was originally intended to be the Scout&#039;s primary weapon.","correct_answer":"True","incorrect_answers":["False"]},{"category":"Entertainment: Video Games","type":"multiple","difficulty":"medium","question":"Which of these is NOT a faction included in the game Counter-Strike: Global Offensive?","correct_answer":"BOPE","incorrect_answers":["GSG-9","Elite Crew","Phoenix Connexion"]},{"category":"Entertainment: Video Games","type":"multiple","difficulty":"medium","question":"In the 2015 RPG &quot;Undertale&quot;, which character do you first encounter after falling down into the underground?","correct_answer":"Flowey","incorrect_answers":["Toriel","Sans","Papyrus"]},{"category":"Entertainment: Video Games","type":"multiple","difficulty":"medium","question":"How many normal endings are there in Cry Of Fear&#039;s campaign mode?","correct_answer":"4","incorrect_answers":["5","3","6"]},{"category":"Entertainment: Video Games","type":"multiple","difficulty":"medium","question":"What is the full name of the protagonist from the SNES game Clock Tower?","correct_answer":"Jennifer Simpson","incorrect_answers":["Jennifer Barrows","Jennifer Cartwright","Jennifer Maxwell"]},{"category":"Entertainment: Video Games","type":"multiple","difficulty":"medium","question":"When was Chapter 1 of the Source Engine mod &quot;Underhell&quot; released?","correct_answer":"September 1st, 2013","incorrect_answers":["March 3rd, 2011","September 12th, 2013","October 2nd, 2012"]},{"category":"Entertainment: Video Games","type":"multiple","difficulty":"medium","question":"When was Final Fantasy XV released?","correct_answer":"November 29th, 2016","incorrect_answers":["October 25th, 2016","December 31th, 2016","November 30th, 2016"]},{"category":"Entertainment: Video Games","type":"multiple","difficulty":"medium","question":"In the game Destiny, who succeeded Peter Dinklage in voicing the protagonist&#039;s &quot;Ghost&quot;?","correct_answer":"Nolan North","incorrect_answers":["John DiMaggio","Mark Hamill"," Troy Baker"]},{"category":"Entertainment: Video Games","type":"multiple","difficulty":"medium","question":"During the game&#039;s development, what was the first ever created Pok&eacute;mon?","correct_answer":"Rhyhorn","incorrect_answers":["Bulbasaur","Mew","Arceus"]},{"category":"Entertainment: Video Games","type":"multiple","difficulty":"medium","question":"In WarioWare: Smooth Moves, which one of these is NOT a Form?","correct_answer":"The Hotshot","incorrect_answers":["The Discard","The Elephant","The Mohawk"]},{"category":"Entertainment: Video Games","type":"multiple","difficulty":"medium","question":"In Monster Hunter Generations, which of the following monsters are a part of the &quot;Fated Four&quot;?","correct_answer":"Astalos","incorrect_answers":["Gore Magala","Malfestio","Arzuros"]},{"category":"Entertainment: Video Games","type":"multiple","difficulty":"medium","question":"What was the first game ever released that ran on the Source engine?","correct_answer":"Counter-Strike: Source","incorrect_answers":["Half-Life 2","Garry&#039;s Mod","Team Fortress 2"]},{"category":"Entertainment: Video Games","type":"multiple","difficulty":"medium","question":"Which of the following games in the Anno series introduced the &quot;Eco Balance&quot; gameplay mechanic?","correct_answer":"Anno 2070","incorrect_answers":["Anno 1404","Anno 2205"," Anno 1701"]},{"category":"Entertainment: Video Games","type":"multiple","difficulty":"medium","question":"In the game The World Ends With You, all of these characters act as a game partner with Neku for a week except:","correct_answer":"Rhyme","incorrect_answers":["Shiki","Joshua","Beat"]},{"category":"Entertainment: Video Games","type":"multiple","difficulty":"medium","question":"What is the first primary weapon the player gets in &quot;PAYDAY: The Heist&quot;?","correct_answer":"AMCAR-4","incorrect_answers":["Brenner 21","Reinbeck","M308"]},{"category":"Entertainment: Video Games","type":"multiple","difficulty":"medium","question":"What is not a default game mode in Counter-Strike (2000)?","correct_answer":"Arms Race","incorrect_answers":["Hostage Rescue","Bomb Defusal","Assassination"]},{"category":"Entertainment: Video Games","type":"multiple","difficulty":"medium","question":"Which of the following is not a real Pok&eacute;mon?","correct_answer":"Luminid","incorrect_answers":["Dragalge","Mandibuzz","Araquanid"]},{"category":"Entertainment: Video Games","type":"boolean","difficulty":"medium","question":"In Rocket League, you can play Basketball.","correct_answer":"True","incorrect_answers":["False"]},{"category":"Entertainment: Video Games","type":"boolean","difficulty":"medium","question":"In Monster Hunter Generations, guild style is a type of hunting style.","correct_answer":"True","incorrect_answers":["False"]},{"category":"Entertainment: Video Games","type":"boolean","difficulty":"medium","question":"David Baszucki was a co-founder of ROBLOX Corporation.","correct_answer":"True","incorrect_answers":["False"]},{"category":"Entertainment: Video Games","type":"multiple","difficulty":"medium","question":"One of the Nintendo Entertainment System voice channels supports playback of sound samples. Which one?","correct_answer":"DMC","incorrect_answers":["Noise","Triangle","Square"]},{"category":"Entertainment: Video Games","type":"multiple","difficulty":"medium","question":"Which German city does the map &quot;Clubhouse&quot; in &quot;Tom Clancy&#039;s Rainbow Six Siege&quot; take place in?","correct_answer":"Hannover","incorrect_answers":["Berlin","Hamburg","Munich"]},{"category":"Entertainment: Video Games","type":"multiple","difficulty":"medium","question":"Which one of these was not a member of the Fiendish Five in the game Sly Cooper and the Thievius Raccoonus?","correct_answer":"Dimitri Lousteau","incorrect_answers":["Mz. Ruby","Muggshot","Clockwerk"]},{"category":"Entertainment: Video Games","type":"boolean","difficulty":"medium","question":"In Portal, the Companion Cube&#039;s ARE sentient.","correct_answer":"True","incorrect_answers":["False"]},{"category":"Entertainment: Video Games","type":"boolean","difficulty":"medium","question":"In &quot;Super Mario World&quot;, the rhino mini-boss, Reznor, is named after the lead singer of the band &quot;Nine Inch Nails&quot;.","correct_answer":"True","incorrect_answers":["False"]},{"category":"Entertainment: Video Games","type":"multiple","difficulty":"medium","question":"When was Club Penguin launched?","correct_answer":"October 24, 2005","incorrect_answers":["October 21, 2005","March 29, 2006","November 22, 2004"]},{"category":"Entertainment: Video Games","type":"multiple","difficulty":"medium","question":"What is the name of the creature that the main character befriends in &quot;The Last Guardian&quot;?","correct_answer":"Trico","incorrect_answers":["Nico","Wolf","Andazi"]},{"category":"Entertainment: Video Games","type":"multiple","difficulty":"medium","question":"Who voices the character &quot;Vernon Cherry&quot; in &quot;Red Dead Redemption&quot;?","correct_answer":"Casey Mongillo","incorrect_answers":["Tara Strong","Troy Baker","Rob Wiethoff"]},{"category":"Entertainment: Video Games","type":"multiple","difficulty":"medium","question":"When was &quot;System Shock&quot; released?","correct_answer":"1994","incorrect_answers":["1995","2000","1998"]},{"category":"Entertainment: Video Games","type":"multiple","difficulty":"medium","question":"Which of the following colors does the Zombie eyes glow in the &quot;Nuketown&quot; map in &quot;Call of Duty: Black Ops II&quot; Zombies mode?","correct_answer":"Yellow and Blue","incorrect_answers":["Yellow and Red","Red and Blue","Blue and White"]},{"category":"Entertainment: Video Games","type":"multiple","difficulty":"medium","question":"What animal is featured in &quot;Bloons TD Battles&quot;?","correct_answer":"Monkeys","incorrect_answers":["Alligators","Pigeons","Lizards"]},{"category":"Entertainment: Video Games","type":"multiple","difficulty":"medium","question":"In the beginning of the game &quot;Sonic Adventure&quot;, what color Chaos Emerald does Tails own?","correct_answer":"Purple","incorrect_answers":["Red","Green","Blue"]},{"category":"Entertainment: Video Games","type":"multiple","difficulty":"medium","question":"What is the name of the 8th installment in the Fire Emblem series?","correct_answer":"The Sacred Stones","incorrect_answers":["Blazing Sword","Awakening","Path of Radiance"]},{"category":"Entertainment: Video Games","type":"multiple","difficulty":"medium","question":"What former MOBA, created by Waystone Games and published by EA, was shut down in 2014?","correct_answer":"Dawngate","incorrect_answers":["Strife","League of Legends","Heroes of Newerth"]},{"category":"Entertainment: Video Games","type":"multiple","difficulty":"medium","question":"In &quot;Resident Evil 2&quot;, what is Leon Kennedy&#039;s middle name?","correct_answer":"Scott","incorrect_answers":["Shaun","Simon","Sam"]},{"category":"Entertainment: Video Games","type":"multiple","difficulty":"medium","question":"The walls of the Goldenrod City Gym in &quot;Pok&eacute;mon Gold and Silver&quot; are arranged in the shape of which Pok&eacute;mon?","correct_answer":"Clefairy","incorrect_answers":["Bulbasaur","Pikachu","Pidgey"]},{"category":"Entertainment: Video Games","type":"multiple","difficulty":"medium","question":"What is the main character&#039;s name in &quot;Braid&quot;?","correct_answer":"Tim","incorrect_answers":["Boregard","James","Jackson"]},{"category":"Entertainment: Video Games","type":"multiple","difficulty":"medium","question":"What song is played during the ending credits of Guitar Hero: World Tour?","correct_answer":"Dream Theater - Pull Me Under","incorrect_answers":["King Crimson - 21st Century Schizoid Man","Dragonforce - Through The Fire &amp; The Flames","Lynyrd Skynyrd - Free Bird"]},{"category":"Entertainment: Video Games","type":"multiple","difficulty":"medium","question":"In Night in the Woods, which instrument did Casey play?","correct_answer":"Drums","incorrect_answers":["Bass","Piano","Sax"]},{"category":"Entertainment: Video Games","type":"multiple","difficulty":"medium","question":"What year was the video game streaming platform TwitchTV founded?","correct_answer":"2011","incorrect_answers":["2012","2010","2014"]},{"category":"Entertainment: Video Games","type":"multiple","difficulty":"medium","question":"Which of the following is a character in the video game Destiny?","correct_answer":"Cayde-6","incorrect_answers":["Ostrava of Boletaria","Mordecai the Hunter","Leon S. Kennedy"]},{"category":"Entertainment: Video Games","type":"multiple","difficulty":"medium","question":"Who was Tetris created by?","correct_answer":"Alexey Pajitnov","incorrect_answers":["Toru Iwatani","Allan Alcorn","William Higinbotham"]},{"category":"Entertainment: Video Games","type":"boolean","difficulty":"medium","question":"In &quot;Resident Evil&quot;, only Chris has access to the grenade launcher.","correct_answer":"False","incorrect_answers":["True"]}]}