{"response_code":0,"results":[{"category":"Entertainment: Books","type":"multiple","difficulty":"medium","question":"Who wrote the &quot;A Song of Ice And Fire&quot; fantasy novel series?","correct_answer":"George R. R. Martin","incorrect_answers":["George Lucas","George Orwell","George Eliot"]},{"category":"Entertainment: Books","type":"multiple","difficulty":"hard","question":"Which author and poet famously wrote the line, &quot;The female of the species is more deadly than the male&quot;?","correct_answer":"Rudyard Kipling","incorrect_answers":["Edgar Allan Poe","William Shakespeare","William Wordsworth"]},{"category":"Entertainment: Books","type":"multiple","difficulty":"easy","question":"Which famous book is sub-titled &#039;The Modern Prometheus&#039;?","correct_answer":"Frankenstein","incorrect_answers":["Dracula","The Strange Case of Dr. Jekyll and Mr. Hyde ","The Legend of Sleepy Hollow"]},{"category":"Entertainment: Books","type":"multiple","difficulty":"hard","question":"Who wrote the novel &quot;Moby-Dick&quot;?","correct_answer":"Herman Melville","incorrect_answers":["William Golding","William Shakespeare","J. R. R. Tolkien"]},{"category":"Entertainment: Books","type":"multiple","difficulty":"easy","question":"What was the name of Captain Nemo&#039;s submarine in &quot;20,000 Leagues Under the Sea&quot;?","correct_answer":"The Nautilus","incorrect_answers":["The Neptune","The Poseidon  ","The Atlantis"]},{"category":"Entertainment: Books","type":"multiple","difficulty":"hard","question":"In the book &quot;The Martian&quot;, how long was Mark Watney trapped on Mars (in Sols)?","correct_answer":"549 Days","incorrect_answers":["765 Days","401 Days","324 Days"]},{"category":"Entertainment: Books","type":"multiple","difficulty":"easy","question":"Which of the following is the world&#039;s best-selling book?","correct_answer":"The Lord of the Rings","incorrect_answers":["The Little Prince","Harry Potter and the Philosopher&#039;s Stone","The Da Vinci Code"]},{"category":"Entertainment: Books","type":"multiple","difficulty":"medium","question":"Who wrote the 1967 horror novel &quot;Rosemary&#039;s Baby&quot;?","correct_answer":"Ira Levin","incorrect_answers":["Stephen King","Robert Bloch","Mary Shelley"]},{"category":"Entertainment: Books","type":"multiple","difficulty":"hard","question":"What is Ron Weasley&#039;s middle name?","correct_answer":"Bilius","incorrect_answers":["Arthur","John","Dominic"]},{"category":"Entertainment: Books","type":"multiple","difficulty":"medium","question":"In the Lord of the Rings, who is the father of the dwarf Gimli?","correct_answer":"Gloin","incorrect_answers":["Thorin Oakenshield","Bombur","Dwalin"]},{"category":"Entertainment: Books","type":"multiple","difficulty":"medium","question":"By what nickname is Jack Dawkins known in the Charles Dickens novel, &#039;Oliver Twist&#039;?","correct_answer":"The Artful Dodger","incorrect_answers":["Fagin","Bull&rsquo;s-eye","Mr. Fang"]},{"category":"Entertainment: Books","type":"multiple","difficulty":"easy","question":"Who wrote the novel &#039;Fear And Loathing In Las Vegas&#039;?","correct_answer":"Hunter S. Thompson","incorrect_answers":["F. Scott Fitzgerald","Henry Miller","William S. Burroughs"]},{"category":"Entertainment: Books","type":"multiple","difficulty":"hard","question":"Abel Magwitch is a character from which Charles Dickens novel?","correct_answer":"Great Expectations","incorrect_answers":["The Pickwick Papers","Nicholas Nickleby","Oliver Twist"]},{"category":"Entertainment: Books","type":"multiple","difficulty":"easy","question":"&quot;Green Eggs And Ham&quot; is a book by which author?","correct_answer":"Dr. Seuss","incorrect_answers":["Beatrix Potter","Roald Dahl","A.A. Milne"]},{"category":"Entertainment: Books","type":"multiple","difficulty":"easy","question":"Which famous spy novelist wrote the childrens&#039; story &quot;Chitty-Chitty-Bang-Bang&quot;?","correct_answer":"Ian Fleming","incorrect_answers":["Joseph Conrad","John Buchan","Graham Greene"]},{"category":"Entertainment: Books","type":"multiple","difficulty":"hard","question":"In the &quot;Harry Potter&quot; series, what is Headmaster Dumbledore&#039;s full name?","correct_answer":"Albus Percival Wulfric Brian Dumbledore","incorrect_answers":["Albus Valum Jetta Mobius Dumbledore","Albus James Lunae Otto Dumbledore","Albus Valencium Horatio Kul Dumbledore"]},{"category":"Entertainment: Books","type":"multiple","difficulty":"medium","question":"In the &quot;The Hobbit&quot;, who kills Smaug?","correct_answer":"Bard","incorrect_answers":["Bilbo Baggins","Gandalf the Grey","Frodo"]},{"category":"Entertainment: Books","type":"multiple","difficulty":"easy","question":"How many Harry Potter books are there?","correct_answer":"7","incorrect_answers":["8","5","6"]},{"category":"Entertainment: Books","type":"multiple","difficulty":"hard","question":"The novel &quot;Jane Eyre&quot; was written by what author? ","correct_answer":"Charlotte Bront&euml;","incorrect_answers":["Emily Bront&euml;","Jane Austen","Louisa May Alcott"]},{"category":"Entertainment: Books","type":"multiple","difficulty":"medium","question":"The novel &quot;Of Mice And Men&quot; was written by what author? ","correct_answer":"John Steinbeck ","incorrect_answers":["George Orwell","Mark Twain ","Harper Lee"]},{"category":"Entertainment: Books","type":"multiple","difficulty":"easy","question":"Who wrote the young adult novel &quot;The Fault in Our Stars&quot;?","correct_answer":"John Green","incorrect_answers":["Stephenie Meyer","Suzanne Collins","Stephen Chbosky"]},{"category":"Entertainment: Books","type":"multiple","difficulty":"hard","question":"Which of these does Charlie NOT read in The Perks of Being a Wallflower?","correct_answer":"The Grapes of Wrath","incorrect_answers":["Hamlet","The Great Gatsby","Peter Pan"]},{"category":"Entertainment: Books","type":"multiple","difficulty":"medium","question":"J.K. Rowling completed &quot;Harry Potter and the Deathly Hallows&quot; in which hotel in Edinburgh, Scotland?","correct_answer":"The Balmoral","incorrect_answers":["The Dunstane Hotel","Hotel Novotel","Sheraton Grand Hotel &amp; Spa"]},{"category":"Entertainment: Books","type":"multiple","difficulty":"medium","question":"In the year 1818, novelist Mary Shelly is credited with writing a fiction novel and creating this infamous character.","correct_answer":"Frankenstein&#039;s monster","incorrect_answers":["Dracula","The Thing","The Invisible Man"]},{"category":"Entertainment: Books","type":"boolean","difficulty":"easy","question":"&quot;Elementary, my dear Watson&quot; is a phrase that is never truly said within the Conan Doyle books of Sherlock Holmes.","correct_answer":"True","incorrect_answers":["False"]},{"category":"Entertainment: Books","type":"multiple","difficulty":"easy","question":"What is the name of the protagonist of J.D. Salinger&#039;s novel Catcher in the Rye?","correct_answer":"Holden Caulfield","incorrect_answers":["Fletcher Christian","Jay Gatsby","Randall Flagg"]},{"category":"Entertainment: Books","type":"multiple","difficulty":"easy","question":"What is the title of the first Sherlock Holmes book by Arthur Conan Doyle?","correct_answer":"A Study in Scarlet","incorrect_answers":["The Sign of the Four","A Case of Identity","The Doings of Raffles Haw"]},{"category":"Entertainment: Books","type":"multiple","difficulty":"medium","question":"The book &quot;The Little Prince&quot; was written by...","correct_answer":"Antoine de Saint-Exup&eacute;ry","incorrect_answers":["Miguel de Cervantes Saavedra","Jane Austen","F. Scott Fitzgerald"]},{"category":"Entertainment: Books","type":"multiple","difficulty":"hard","question":"Where does the book &quot;The Silence of the Lambs&quot; get its title from?","correct_answer":"The main character&#039;s trauma in childhood","incorrect_answers":["The relation it has with killing the innocents","The villain&#039;s favourite meal","The voice of innocent people being shut by the powerful"]},{"category":"Entertainment: Books","type":"boolean","difficulty":"hard","question":"Harry Potter was born on July 31st, 1980.","correct_answer":"True","incorrect_answers":["False"]},{"category":"Entertainment: Books","type":"multiple","difficulty":"medium","question":"In Michael Crichton&#039;s novel &quot;Jurassic Park&quot;, John Hammond meets his demise at the claws of which dinosaur?","correct_answer":"Procompsognathus","incorrect_answers":["Dilophosaurus","Tyrannosaurus Rex","Velociraptor"]},{"category":"Entertainment: Books","type":"multiple","difficulty":"easy","question":"What is the name of Sherlock Holmes&#039;s brother?","correct_answer":"Mycroft Holmes","incorrect_answers":["Mederi Holmes","Martin Holmes","Herbie Hancock Holmes"]},{"category":"Entertainment: Books","type":"multiple","difficulty":"hard","question":"In the book series &quot;Odd Thomas&quot;, Danny Jessup has what genetic disease? ","correct_answer":" Osteogenesis Imperfecta","incorrect_answers":["Spinocerebellar ataxia","Adrenoleukodystrophy","Cystic Fibrosis"]},{"category":"Entertainment: Books","type":"multiple","difficulty":"medium","question":"Which of the following was the author of &quot;Username Evie&quot;?","correct_answer":"Joe Sugg","incorrect_answers":["Zoe Sugg","Joe Weller","Alfie Deyes"]},{"category":"Entertainment: Books","type":"multiple","difficulty":"medium","question":"In &quot;Little Women&quot;, which of the March sisters married Laurie?","correct_answer":"Amy","incorrect_answers":["Beth","Jo","Meg"]},{"category":"Entertainment: Books","type":"multiple","difficulty":"hard","question":"In the Magic: The Gathering universe,  the Antiquities, Ice Age, and Alliances expansions take place on which continent?","correct_answer":"Terisiare","incorrect_answers":["Aerona","Shiv","Jamuraa"]},{"category":"Entertainment: Books","type":"multiple","difficulty":"hard","question":"In the Magic: The Gathering universe, the Fallen Empires expansion takes place on which continent?","correct_answer":"Sarpadia","incorrect_answers":["Otaria","Terisiare","Shiv"]},{"category":"Entertainment: Books","type":"multiple","difficulty":"hard","question":"In the Magic: The Gathering universe, which plane does the Homelands expansion take place in?","correct_answer":"Ulgrotha","incorrect_answers":["Bant","Llanowar","Tazeem"]},{"category":"Entertainment: Books","type":"multiple","difficulty":"medium","question":"In Alice in Wonderland, what is the name of Alice&#039;s kitten?","correct_answer":"Dinah","incorrect_answers":["Oscar","Heath","Smokey"]},{"category":"Entertainment: Books","type":"multiple","difficulty":"hard","question":"In which classic novel is there a character named Homer Simpson?","correct_answer":"The Day of the Locust","incorrect_answers":["Catch-22","Of Mice and Men","A Separate Peace"]},{"category":"Entertainment: Books","type":"multiple","difficulty":"medium","question":"What is the name of Eragon&#039;s dragon in &quot;Eragon&quot;?","correct_answer":"Saphira","incorrect_answers":["Glaedr","Thorn","Arya"]},{"category":"Entertainment: Books","type":"multiple","difficulty":"hard","question":"Which author co-wrote &quot;The Communist Manifesto&quot; alongside Karl Marx?","correct_answer":"Friedrich Engels","incorrect_answers":["Robert Owen","Alexander Kerensky","Paul Lafargue"]},{"category":"Entertainment: Books","type":"multiple","difficulty":"hard","question":"In which classic novel by Mark Twain did a beggar and Prince of Wales switch clothes, and learn about social class inequality?","correct_answer":"The Prince and the Pauper","incorrect_answers":["Hamlet","Wealthy Boy and the Schmuck","A Modern Twain Story"]},{"category":"Entertainment: Books","type":"multiple","difficulty":"medium","question":"In Terry Pratchett&#039;s Discworld novel &#039;Wyrd Sisters&#039;, which of these are not one of the three main witches?","correct_answer":"Winny Hathersham","incorrect_answers":["Granny Weatherwax","Nanny Ogg","Magrat Garlick"]},{"category":"Entertainment: Books","type":"boolean","difficulty":"easy","question":"The Harry Potter series of books, combined, are over 1,000,000 words in length.","correct_answer":"True","incorrect_answers":["False"]},{"category":"Entertainment: Books","type":"multiple","difficulty":"medium","question":"Which of the following is not a work authored by Fyodor Dostoevsky?","correct_answer":"Anna Karenina","incorrect_answers":["Notes from the Underground","Crime and Punishment","The Brothers Karamazov"]},{"category":"Entertainment: Books","type":"multiple","difficulty":"hard","question":"What is the name of the town in which Lily and James Potter are buried?","correct_answer":"Godric&#039;s Hollow","incorrect_answers":["Hogsmeade","Ottery St. Catchpole","Little Hangleton"]},{"category":"Entertainment: Books","type":"multiple","difficulty":"hard","question":"In The Lies Of Locke Lamora, what does &quot;Lamora&quot; mean in Throne Therin?","correct_answer":"Shadow","incorrect_answers":["Thievery","Justice","Chaos"]},{"category":"Entertainment: Books","type":"multiple","difficulty":"medium","question":"In The Lies of Locke Lamora, what title is Locke known by in the criminal world?","correct_answer":"The Thorn of Camorr","incorrect_answers":["The Rose of the Marrows","The Thorn of Emberlain","The Thorn of the Marrows"]},{"category":"Entertainment: Books","type":"multiple","difficulty":"easy","question":"In Romance of the Three Kingdoms, who was not a member of the Peach Garden Oath?","correct_answer":"Zhao Yun","incorrect_answers":["Liu Bei","Guan Yu","Zhang Fei"]}]}