{"response_code":0,"results":[{"category":"Celebrities","type":"multiple","difficulty":"hard","question":"What was the religion of famous singer &quot;Freddie Mercury&quot;?","correct_answer":"Zoroastrianism","incorrect_answers":["Paganism","Ashurism","Judaism"]},{"category":"Celebrities","type":"multiple","difficulty":"hard","question":"How tall is Tom Cruise?","correct_answer":"5&prime; 7&Prime;","incorrect_answers":["5&prime; 9&Prime;","5&prime; 4&Prime;","5&prime; 5&Prime;"]},{"category":"Celebrities","type":"boolean","difficulty":"hard","question":"Lady Gaga&#039;s real name is Stefani Joanne Angelina Germanotta.","correct_answer":"True","incorrect_answers":["False"]},{"category":"Celebrities","type":"multiple","difficulty":"hard","question":"Which school in Surrey, England did Steve Backshall attend?","correct_answer":"Collingwood College","incorrect_answers":["Tomlinscote School","Kings International College","Lyndhurst School"]},{"category":"Celebrities","type":"multiple","difficulty":"hard","question":"The eccentric natural philosopher Tycho Brahe kept what as a pet?","correct_answer":"Moose","incorrect_answers":["Dog","Bear","Goat"]},{"category":"Celebrities","type":"multiple","difficulty":"hard","question":"Who was Donald Trump&#039;s first wife?","correct_answer":"Ivana Zeln&iacute;\u010dkov&aacute;","incorrect_answers":["Melania Knauss","Marla Maples","Nancy Davis"]},{"category":"Celebrities","type":"multiple","difficulty":"hard","question":"Gabe Newell was born in which year?","correct_answer":"1962 ","incorrect_answers":["1970","1960","1972"]},{"category":"Celebrities","type":"multiple","difficulty":"hard","question":"Billy Herrington is from which US state?","correct_answer":"New York","incorrect_answers":["Arizona","California","Georgia"]}]}