{"response_code":0,"results":[{"category":"Celebrities","type":"multiple","difficulty":"easy","question":"Named after a character he played in a 1969 film, what is the name of the ski resort in Utah that Robert Redford bought in 1968?","correct_answer":"Sundance","incorrect_answers":["Woodward","Turner","Booker"]},{"category":"Celebrities","type":"multiple","difficulty":"easy","question":"By what name is Carlos Estevez better known? ","correct_answer":"Charlie Sheen","incorrect_answers":["Ricky Martin","Bruno Mars","Joaquin Phoenix"]},{"category":"Celebrities","type":"multiple","difficulty":"easy","question":"Which actress married Michael Douglas in 2000?","correct_answer":"Catherine Zeta-Jones","incorrect_answers":["Ruth Jones","Pam Ferris","Sara Sugarman"]},{"category":"Celebrities","type":"multiple","difficulty":"easy","question":"What does film maker Dan Bell typically focus his films on?","correct_answer":"Abandoned Buildings and Dead Malls","incorrect_answers":["Historic Landmarks","Action Films","Documentaries "]},{"category":"Celebrities","type":"multiple","difficulty":"easy","question":"What was the cause of Marilyn Monroes suicide?","correct_answer":"Drug Overdose","incorrect_answers":["Knife Attack","House Fire","Gunshot"]},{"category":"Celebrities","type":"multiple","difficulty":"easy","question":"Gwyneth Paltrow has a daughter named...?","correct_answer":"Apple","incorrect_answers":["Lily","French","Dakota"]},{"category":"Celebrities","type":"multiple","difficulty":"easy","question":"Which celebrity announced his presidency in 2015?","correct_answer":"Kanye West","incorrect_answers":["Donald Trump","Leonardo DiCaprio","Miley Cyrus"]},{"category":"Celebrities","type":"multiple","difficulty":"easy","question":"Aubrey Graham is better known as","correct_answer":"Drake","incorrect_answers":["Travis Scott","Lil Wayne","2 Chainz"]},{"category":"Celebrities","type":"boolean","difficulty":"easy","question":"Marilyn Monroe was born on July 1, 1926.","correct_answer":"False","incorrect_answers":["True"]},{"category":"Celebrities","type":"boolean","difficulty":"easy","question":"Tupac Shakur died due to complications from being stabbed in 1996.","correct_answer":"False","incorrect_answers":["True"]},{"category":"Celebrities","type":"multiple","difficulty":"easy","question":"Neil Hamburger is played by which comedian?","correct_answer":"Gregg Turkington","incorrect_answers":["Nathan Fielder","Tim Heidecker","Todd Glass"]},{"category":"Celebrities","type":"multiple","difficulty":"easy","question":"By which name is Ramon Estevez better known as?","correct_answer":"Martin Sheen","incorrect_answers":["Charlie Sheen","Ramon Sheen","Emilio Estevez"]},{"category":"Celebrities","type":"multiple","difficulty":"easy","question":"What was James Coburn&#039;s last film role before his death?","correct_answer":"American Gun","incorrect_answers":["Monsters Inc","Texas Rangers","Snow Dogs"]}]}