{"response_code":0,"results":[{"category":"Politics","type":"multiple","difficulty":"hard","question":"Which Native American tribe\/nation requires at least one half blood quantum (equivalent to one parent) to be eligible for membership?","correct_answer":"Yomba Shoshone Tribe","incorrect_answers":["Standing Rock Sioux Tribe","Kiowa Tribe of Oklahoma","Pawnee Nation of Oklahoma"]},{"category":"Politics","type":"multiple","difficulty":"hard","question":"Which letter do you need to have on a European driver license in order to ride any motorbikes?","correct_answer":"A","incorrect_answers":["X","D","B"]},{"category":"Politics","type":"boolean","difficulty":"hard","question":"Joko Widodo has appeared in the cover of a TIME magazine.","correct_answer":"True","incorrect_answers":["False"]},{"category":"Politics","type":"multiple","difficulty":"hard","question":"&quot;Yes, America Can!&quot; was this United States politician&#039;s de facto campaign slogan in 2004.","correct_answer":"George W. Bush","incorrect_answers":["John Kerry","Barack Obama","Al Gore"]},{"category":"Politics","type":"multiple","difficulty":"hard","question":"Which of the following United States Presidents served the shortest term in office?","correct_answer":"William Henry Harrison","incorrect_answers":["Zachary Taylor","James A. Garfield","Warren G. Harding"]},{"category":"Politics","type":"boolean","difficulty":"hard","question":"Nazi Germany surrendered on Harry Truman&#039;s birthday while he was president.","correct_answer":"True","incorrect_answers":["False"]},{"category":"Politics","type":"multiple","difficulty":"hard","question":"What is the name of Niccol&ograve; Machiavelli&#039;s work that argued effective leaders needed to crush their opponents at all costs?","correct_answer":"The Prince","incorrect_answers":["The Rape of Lucrece","Will to Power","Love&#039;s Labours Lost"]},{"category":"Politics","type":"multiple","difficulty":"hard","question":"What is centralism?","correct_answer":" Concentration of power and authority in a central organization.","incorrect_answers":["Conforming to one single common political agenda.","Remaining politically neutral.","The grey area in the spectrum of political left and right."]},{"category":"Politics","type":"multiple","difficulty":"hard","question":"Which of the following United States senators is known for performing a 24-hour long filibuster?","correct_answer":"Strom Thurmond","incorrect_answers":["Roy Blunt","John Barrasso","Chuck Schumer"]},{"category":"Politics","type":"boolean","difficulty":"hard","question":"George Clinton, Vice President of the United States (1805-1812), is an ancestor of President Bill Clinton.","correct_answer":"False","incorrect_answers":["True"]},{"category":"Politics","type":"multiple","difficulty":"hard","question":"Which of these was an official candidate in the 2017 British General Election?","correct_answer":"Lord Buckethead","incorrect_answers":["James Francis","Robert Wimbledon","Sir Crumpetsby"]},{"category":"Politics","type":"multiple","difficulty":"hard","question":"In June 2017, Saudi Arabia and Egypt broke off ties with which country over its supposed support for terrorism?","correct_answer":"Qatar","incorrect_answers":["Bahrain","United States of America","Russia"]},{"category":"Politics","type":"multiple","difficulty":"hard","question":"Who was the longest-serving senator in US history, serving from 1959 to 2010?","correct_answer":"Robert Byrd","incorrect_answers":["Daniel Inouye","Strom Thurmond","Joe Biden"]},{"category":"Politics","type":"multiple","difficulty":"hard","question":"What year did the effort to deploy the Common Core State Standards (CCSS) in the US begin?","correct_answer":"2009","incorrect_answers":["2012","2006","1997"]},{"category":"Politics","type":"multiple","difficulty":"hard","question":"Who is the only US president to serve two non-consecutive terms in office?","correct_answer":"Grover Cleveland","incorrect_answers":["James K. Polk","Franklin D. Roosevelt","Thomas Jefferson"]}]}