{"response_code":0,"results":[{"category":"Politics","type":"multiple","difficulty":"medium","question":"Who was the British Prime Minister at the outbreak of the Second World War?","correct_answer":"Neville Chamberlain","incorrect_answers":["Clement Attlee","Winston Churchill","Stanley Baldwin"]},{"category":"Politics","type":"multiple","difficulty":"medium","question":"Which president erased the national debt of the United States?","correct_answer":"Andrew Jackson","incorrect_answers":["Ronald Reagan","John F. Kennedy","Franklin Roosevelt"]},{"category":"Politics","type":"multiple","difficulty":"medium","question":"Who was the only president to not be in office in Washington D.C?","correct_answer":"George Washington","incorrect_answers":["Abraham Lincoln","Richard Nixon","Thomas Jefferson"]},{"category":"Politics","type":"multiple","difficulty":"medium","question":"Who was the 40th President of the USA?","correct_answer":"Ronald Reagan","incorrect_answers":["Jimmy Carter","Bill Clinton","Richard Nixon"]},{"category":"Politics","type":"multiple","difficulty":"medium","question":"Before 2011, &quot;True Capitalist Radio&quot; was known by a different name. What was that name?","correct_answer":"True Conservative Radio","incorrect_answers":["True Republican Radio","Texan Capitalist Radio","United Capitalists"]},{"category":"Politics","type":"multiple","difficulty":"medium","question":"The 2014 movie &quot;The Raid 2: Berandal&quot; was mainly filmed in which Asian country?","correct_answer":"Indonesia","incorrect_answers":["Thailand","Brunei","Malaysia"]},{"category":"Politics","type":"multiple","difficulty":"medium","question":"Due to the Nagoya Resolution, China agreed to allow Taiwan to compete separately in international sporting events under what name?","correct_answer":"Chinese Taipei","incorrect_answers":["Chinese Taiwan","Republic of Taiwan","Republic of Taipei "]},{"category":"Politics","type":"boolean","difficulty":"medium","question":"During the 2016 United States presidential election, the State of California possessed the most electoral votes, having 55.","correct_answer":"True","incorrect_answers":["False"]},{"category":"Politics","type":"boolean","difficulty":"medium","question":"George W. Bush lost the popular vote in the 2004 United States presidential election.","correct_answer":"False","incorrect_answers":["True"]},{"category":"Politics","type":"boolean","difficulty":"medium","question":"The State of Queensland, Australia voted NO to a referendum for daylight savings in 1992.","correct_answer":"True","incorrect_answers":["False"]},{"category":"Politics","type":"multiple","difficulty":"medium","question":"Who became Prime Minister of the United Kingdom in July 2016?","correct_answer":"Theresa May","incorrect_answers":["Boris Johnson","David Cameron","Tony Blair"]},{"category":"Politics","type":"multiple","difficulty":"medium","question":"Who was elected leader of the UK Labour Party in September 2015?","correct_answer":"Jeremy Corbyn","incorrect_answers":["Ed Miliband","David Cameron","Theresa May"]},{"category":"Politics","type":"multiple","difficulty":"medium","question":"What is former United States President Bill Clinton&#039;s full name?","correct_answer":"William Jefferson Clinton","incorrect_answers":["William Roosevelt Clinton","William Truman Clinton","William Lincoln Clinton"]},{"category":"Politics","type":"multiple","difficulty":"medium","question":"Before 2016, in which other year did Donald Trump run for President?","correct_answer":"2000","incorrect_answers":["2012","1988","2008"]},{"category":"Politics","type":"multiple","difficulty":"medium","question":"Which of these is NOT one of Donald Trump&#039;s children?","correct_answer":"Julius","incorrect_answers":["Donald Jr.","Ivanka","Eric"]},{"category":"Politics","type":"multiple","difficulty":"medium","question":"In United States history, how many vice presidents did Franklin D. Roosevelt have during his time in office as president?","correct_answer":"3","incorrect_answers":["1","2","0"]},{"category":"Politics","type":"boolean","difficulty":"medium","question":"Helen Clark was the 37th Prime Minister of Australia.","correct_answer":"False","incorrect_answers":["True"]},{"category":"Politics","type":"multiple","difficulty":"medium","question":"Who succeeded Joseph Stalin as General Secretary of the Communist Party of the Soviet Union?","correct_answer":"Nikita Khrushchev","incorrect_answers":["Leonid Brezhnev","Mikhail Gorbachev","Boris Yeltsin"]},{"category":"Politics","type":"multiple","difficulty":"medium","question":"What was the personal nickname of the 40th Governor of the US State Louisiana, Huey Long?","correct_answer":"The Kingfish","incorrect_answers":["The Champ","The Hoot Owl","The Oracle"]},{"category":"Politics","type":"multiple","difficulty":"medium","question":"Which former US president used &quot;Let&#039;s Make America Great Again&quot; as his campaign slogan before Donald Trump&#039;s campaign?","correct_answer":"Ronald Reagan","incorrect_answers":["Jimmy Carter","Gerald Ford","Richard Nixon"]},{"category":"Politics","type":"boolean","difficulty":"medium","question":"Jeb Bush was elected as Governor of Florida in 2002, starting his political career.","correct_answer":"False","incorrect_answers":["True"]},{"category":"Politics","type":"multiple","difficulty":"medium","question":"What year did Gerald Ford Become President?","correct_answer":"1974","incorrect_answers":["1977","1973","1969"]},{"category":"Politics","type":"multiple","difficulty":"medium","question":"What are the first names of the first father and son pair that were both Prime Ministers of Canada?","correct_answer":"Justin and Pierre","incorrect_answers":["John and Louis","Brian and Justin","Brian and Pierre"]},{"category":"Politics","type":"multiple","difficulty":"medium","question":"The Watergate Scandal occured in what year?","correct_answer":"1972","incorrect_answers":["1973","1974","1971"]},{"category":"Politics","type":"multiple","difficulty":"medium","question":"Between 1973 to 1990, what country was ruled by dictator Augusto Pinochet?","correct_answer":"Chile","incorrect_answers":["Ethiopia","Indonesia","Nicaragua"]},{"category":"Politics","type":"multiple","difficulty":"medium","question":"Which of the following Argentinian presidents was elected in 2015?","correct_answer":"Mauricio Macri","incorrect_answers":["Cristina Fernandez de Kirchner","Nestor Kirchner","Juan Domingo Peron"]}]}