{"response_code":0,"results":[{"category":"Politics","type":"multiple","difficulty":"easy","question":"Whose 2016 presidential campaign slogan was &quot;Make America Great Again&quot;?","correct_answer":"Donald Trump","incorrect_answers":["Ted Cruz","Marco Rubio","Bernie Sanders"]},{"category":"Politics","type":"boolean","difficulty":"easy","question":"The S in Harry S. Truman stands for &quot;Samuel&quot;.","correct_answer":"False","incorrect_answers":["True"]},{"category":"Politics","type":"boolean","difficulty":"easy","question":"There was a satirical candidate named &quot;Deez Nuts&quot; running in the 2016 US presidential elections.","correct_answer":"True","incorrect_answers":["False"]},{"category":"Politics","type":"multiple","difficulty":"easy","question":"Which of the following Pacific Islander countries is ruled by a constitutional monarchy?","correct_answer":"Tonga","incorrect_answers":["Palau","Fiji","Kiribati"]},{"category":"Politics","type":"multiple","difficulty":"easy","question":"The largest consumer market in 2015 was...","correct_answer":"The United States of America","incorrect_answers":["Germany","Japan","United Kingdom"]},{"category":"Politics","type":"boolean","difficulty":"easy","question":"In 2016, the United Kingdom voted to stay in the EU.","correct_answer":"False","incorrect_answers":["True"]},{"category":"Politics","type":"multiple","difficulty":"easy","question":"How many people are in the U.S. House of Representatives?","correct_answer":"435","incorrect_answers":["260","415","50"]},{"category":"Politics","type":"boolean","difficulty":"easy","question":"Denmark has a monarch.","correct_answer":"True","incorrect_answers":["False"]},{"category":"Politics","type":"boolean","difficulty":"easy","question":"Despite being seperated into multiple countries, The Scandinavian countries are unified by all having the same monarch.","correct_answer":"False","incorrect_answers":["True"]},{"category":"Politics","type":"boolean","difficulty":"easy","question":"The 2016 United States Presidential Election is the first time Hillary Clinton has run for President.","correct_answer":"False","incorrect_answers":["True"]},{"category":"Politics","type":"boolean","difficulty":"easy","question":"Russia passed a law in 2013 which outlaws telling children that homosexuals exist.","correct_answer":"True","incorrect_answers":["False"]},{"category":"Politics","type":"multiple","difficulty":"easy","question":"According to the United States Constitution, how old must a person be to be elected President of the United States?","correct_answer":"35","incorrect_answers":["30","40","45"]},{"category":"Politics","type":"boolean","difficulty":"easy","question":"One of Barack Obama&#039;s United States presidential campaign slogan&#039;s was &quot;Yes We Can&quot;.","correct_answer":"True","incorrect_answers":["False"]},{"category":"Politics","type":"multiple","difficulty":"easy","question":"Who was the 45th President of the United States?","correct_answer":"Donald Trump","incorrect_answers":["Barack Obama","Bill Clinton","George Bush"]},{"category":"Politics","type":"boolean","difficulty":"easy","question":"Donald Trump won the popular vote in the 2016 United States presidential election.","correct_answer":"False","incorrect_answers":["True"]},{"category":"Politics","type":"multiple","difficulty":"easy","question":"Former United States President Bill Clinton famously played which instrument?","correct_answer":"Saxophone","incorrect_answers":["Baritone horn","Piano","Violin"]},{"category":"Politics","type":"boolean","difficulty":"easy","question":"Former president Theodore Roosevelt (1900-1908)  ran for another term under the Progressive Party in 1912.","correct_answer":"True","incorrect_answers":["False"]},{"category":"Politics","type":"multiple","difficulty":"easy","question":"Which former US president was nicknamed &quot;Teddy&quot; after he refused to shoot a defenseless black bear?","correct_answer":"Theodore Roosevelt","incorrect_answers":["Woodrow Wilson","James F. Fielder","Andrew Jackson"]}]}