{"response_code":0,"results":[{"category":"General Knowledge","type":"multiple","difficulty":"hard","question":"Electronic music producer Kygo&#039;s popularity skyrocketed after a certain remix. Which song did he remix?","correct_answer":"Ed Sheeran - I See Fire","incorrect_answers":["Marvin Gaye - Sexual Healing","Coldplay - Midnight","a-ha - Take On Me"]},{"category":"General Knowledge","type":"multiple","difficulty":"hard","question":"What type of dog is &#039;Handsome Dan&#039;, the mascot of Yale University?","correct_answer":"Bulldog","incorrect_answers":["Yorkshire Terrier","Boxer","Pug"]},{"category":"General Knowledge","type":"multiple","difficulty":"hard","question":"What is the airspeed velocity of an unladen swallow?","correct_answer":"24 MPH","incorrect_answers":["15 MPH","20 MPH","200 MPH"]},{"category":"General Knowledge","type":"multiple","difficulty":"hard","question":"The words &quot;bungalow&quot; and &quot;shampoo&quot; originate from the languages of which country?","correct_answer":"India","incorrect_answers":["Papua New Guinea","Ethiopia","China"]},{"category":"General Knowledge","type":"multiple","difficulty":"hard","question":"When was &quot;YouTube&quot; founded?","correct_answer":"February 14, 2005","incorrect_answers":["May 22, 2004","September 12, 2005","July 19, 2009"]},{"category":"General Knowledge","type":"multiple","difficulty":"hard","question":"Before the 19th Century, the &quot;Living Room&quot; was originally called the...","correct_answer":"Parlor","incorrect_answers":["Open Room","Sitting Room","Loft"]},{"category":"General Knowledge","type":"multiple","difficulty":"hard","question":"Which film star has his statue in Leicester Square?","correct_answer":"Charlie Chaplin","incorrect_answers":["Paul Newman","Rowan Atkinson ","Alfred Hitchcock"]},{"category":"General Knowledge","type":"multiple","difficulty":"hard","question":"Which of the following is not another name for the eggplant?","correct_answer":"Potimarron","incorrect_answers":["Brinjal","Guinea Squash","Melongene"]},{"category":"General Knowledge","type":"multiple","difficulty":"hard","question":"Which of the following chemicals are found in eggplant seeds?","correct_answer":"Nicotine","incorrect_answers":["Mescaline","Cyanide","Psilocybin"]},{"category":"General Knowledge","type":"multiple","difficulty":"hard","question":"Sciophobia is the fear of what?","correct_answer":"Shadows","incorrect_answers":["Eating","Bright lights","Transportation"]},{"category":"General Knowledge","type":"multiple","difficulty":"hard","question":"Which of the following is an existing family in &quot;The Sims&quot;?","correct_answer":"The Goth Family","incorrect_answers":["The Family","The Simoleon Family","The Proud Family"]},{"category":"General Knowledge","type":"multiple","difficulty":"hard","question":"Which of these banks are NOT authorized to issue currency notes in Hong Kong?","correct_answer":"OCBC","incorrect_answers":["HSBC","Standard Chartered","Bank of China"]},{"category":"General Knowledge","type":"boolean","difficulty":"hard","question":"&quot;Number 16 Bus Shelter&quot; was a child&#039;s name that was approved by the New Zealand government.","correct_answer":"True","incorrect_answers":["False"]},{"category":"General Knowledge","type":"multiple","difficulty":"hard","question":"What is the romanized Chinese word for &quot;airplane&quot;?","correct_answer":"Feiji","incorrect_answers":["Qiche","Zongxian","Huojian"]},{"category":"General Knowledge","type":"multiple","difficulty":"hard","question":"What is the romanized Korean word for &quot;heart&quot;?","correct_answer":"Simjang","incorrect_answers":["Aejeong","Jeongsin","Segseu"]},{"category":"General Knowledge","type":"multiple","difficulty":"hard","question":"What is the romanized Arabic word for &quot;moon&quot;?","correct_answer":"Qamar","incorrect_answers":["Najma","Kawkab","Shams"]},{"category":"General Knowledge","type":"multiple","difficulty":"hard","question":"Which musician has collaborated with American producer Porter Robinson and released the 2016 song &quot;Shelter&quot;?","correct_answer":"Madeon","incorrect_answers":["Mat Zo","deadmau5","Zedd"]},{"category":"General Knowledge","type":"multiple","difficulty":"hard","question":"The Swedish word &quot;Grunka&quot; means what in English?","correct_answer":"Thing","incorrect_answers":["People","Place","Pineapple"]},{"category":"General Knowledge","type":"multiple","difficulty":"hard","question":"Disney&#039;s Haunted Mansion is home to a trio of Hitchhiking Ghosts. Which of these is NOT one of them?","correct_answer":"Harry","incorrect_answers":["Gus","Phineas","Ezra"]},{"category":"General Knowledge","type":"multiple","difficulty":"hard","question":"How long did it take the motorized window washers of the original World Trade Center to clean the entire exterior of the building?","correct_answer":"1 Month","incorrect_answers":["3 Weeks","1 Week","2 Months"]},{"category":"General Knowledge","type":"multiple","difficulty":"hard","question":"Which of the following languages does NOT use gender as a part of its grammar?","correct_answer":"Turkish","incorrect_answers":["German","Danish","Polish"]},{"category":"General Knowledge","type":"boolean","difficulty":"hard","question":"In Scandinavian languages, the letter &Aring; means river.","correct_answer":"True","incorrect_answers":["False"]},{"category":"General Knowledge","type":"multiple","difficulty":"hard","question":"Which one of these Swedish companies was founded in 1943?","correct_answer":"IKEA","incorrect_answers":["H &amp; M","Lindex","Clas Ohlson"]},{"category":"General Knowledge","type":"multiple","difficulty":"hard","question":"How many calories are in a 355 ml can of Pepsi Cola?","correct_answer":"150","incorrect_answers":["200","100","155"]},{"category":"General Knowledge","type":"multiple","difficulty":"hard","question":"De Eemhof, Port Zelande and Het Heijderbos are holiday villas owned by what company?","correct_answer":"Center Parcs","incorrect_answers":["Yelloh Village","Keycamp","Villa Plus"]},{"category":"General Knowledge","type":"multiple","difficulty":"hard","question":"According to Fair Works Australia, how long do you have to work to get Long Service Leave?","correct_answer":"7 years","incorrect_answers":["2 years","8 years","6 months"]},{"category":"General Knowledge","type":"multiple","difficulty":"hard","question":"According to the 2014-2015 Australian Bureau of Statistics, what percentage of Australians were born overseas?","correct_answer":"28%","incorrect_answers":["13%","20%","7%"]},{"category":"General Knowledge","type":"multiple","difficulty":"hard","question":"What does the Latin phrase &quot;Veni, vidi, vici&quot; translate into English?","correct_answer":"I came, I saw, I conquered","incorrect_answers":["See no evil, hear no evil, speak no evil","Life, liberty, and happiness","Past, present, and future"]},{"category":"General Knowledge","type":"boolean","difficulty":"hard","question":"Stagecoach owned &quot;South West Trains&quot; before losing the rights to FirstGroup and MTR in March of 2017.","correct_answer":"True","incorrect_answers":["False"]},{"category":"General Knowledge","type":"multiple","difficulty":"hard","question":"Virtual reality company Oculus VR lost which of it&#039;s co-founders in a freak car accident in 2013?","correct_answer":"Andrew Scott Reisse","incorrect_answers":["Nate Mitchell","Jack McCauley","Palmer Luckey"]},{"category":"General Knowledge","type":"multiple","difficulty":"hard","question":"Who founded the Khan Academy?","correct_answer":"Sal Khan","incorrect_answers":["Ben Khan","Kitt Khan","Adel Khan"]},{"category":"General Knowledge","type":"boolean","difficulty":"hard","question":"Spoon theory is a theory, utilizing &quot;Spoons&quot; as a metaphor for energy they can use in a day.","correct_answer":"True","incorrect_answers":["False"]},{"category":"General Knowledge","type":"multiple","difficulty":"hard","question":"Named after the mallow flower, mauve is a shade of what?","correct_answer":"Purple","incorrect_answers":["Red","Brown","Pink"]},{"category":"General Knowledge","type":"multiple","difficulty":"hard","question":"Chartreuse is a color between yellow and what?","correct_answer":"Green","incorrect_answers":["Red","Black","Purple"]},{"category":"General Knowledge","type":"multiple","difficulty":"hard","question":"Originally another word for poppy, coquelicot is a shade of what?","correct_answer":"Red","incorrect_answers":["Green","Blue","Pink"]},{"category":"General Knowledge","type":"multiple","difficulty":"hard","question":"Nephelococcygia is the practice of doing what?","correct_answer":"Finding shapes in clouds","incorrect_answers":["Sleeping with your eyes open","Breaking glass with your voice","Swimming in freezing water"]},{"category":"General Knowledge","type":"multiple","difficulty":"hard","question":"The Quadrangularis Reversum is best described as which of the following?","correct_answer":"A percussion instrument","incorrect_answers":["A building in Oxford University","A chess move","A geometric theorem"]},{"category":"General Knowledge","type":"multiple","difficulty":"hard","question":"Where is Apple Inc. headquartered?","correct_answer":"Cupertino, California","incorrect_answers":["Redwood City, California","Redmond, Washington","Santa Monica, CA"]},{"category":"General Knowledge","type":"multiple","difficulty":"hard","question":"If you planted the seeds of Quercus robur, what would grow?","correct_answer":"Trees","incorrect_answers":["Grains","Vegetables","Flowers"]},{"category":"General Knowledge","type":"multiple","difficulty":"hard","question":"How many notes are there on a standard grand piano?","correct_answer":"88","incorrect_answers":["98","108","78"]},{"category":"General Knowledge","type":"multiple","difficulty":"hard","question":"In the MMO RPG &quot;Realm of the Mad God&quot;, what dungeon is widely considered to be the most difficult?","correct_answer":"The Shatter&#039;s","incorrect_answers":["Snake Pit","The Tomb of the Acient&#039;s","The Puppet Master&#039;s Theater"]},{"category":"General Knowledge","type":"multiple","difficulty":"hard","question":"What is the weight of a Gold Bar in Fallout: New Vegas?","correct_answer":"35 Pounds","incorrect_answers":["30 Pounds","40 Pounds","32.50 Pounds"]},{"category":"General Knowledge","type":"multiple","difficulty":"hard","question":"In &quot;Battle Cats&quot;, what is Moneko \/ MISS Moneko&#039;s critical percentage rate?","correct_answer":"15%","incorrect_answers":["20%","10%","25%"]},{"category":"General Knowledge","type":"multiple","difficulty":"hard","question":"What is the most commonly used noun in the English language?","correct_answer":"Time","incorrect_answers":["Home","Water","Man"]},{"category":"General Knowledge","type":"multiple","difficulty":"hard","question":"The word &quot;abulia&quot; means which of the following?","correct_answer":"The inability to make decisions","incorrect_answers":["The inability to stand up","The inability to concentrate on anything","A feverish desire to rip one&#039;s clothes off"]},{"category":"General Knowledge","type":"multiple","difficulty":"hard","question":"The word &quot;astasia&quot; means which of the following?","correct_answer":"The inability to stand up","incorrect_answers":["The inability to make decisions","The inability to concentrate on anything","A feverish desire to rip one&#039;s clothes off"]},{"category":"General Knowledge","type":"multiple","difficulty":"hard","question":"The word &quot;aprosexia&quot; means which of the following?","correct_answer":"The inability to concentrate on anything","incorrect_answers":["The inability to make decisions","A feverish desire to rip one&#039;s clothes off","The inability to stand up"]},{"category":"General Knowledge","type":"multiple","difficulty":"hard","question":"Which of these cities does NOT have a United States Minting location?","correct_answer":"St. Louis, MO","incorrect_answers":["San Fransisco, CA","Philidelphia, PA","West Point, NY"]},{"category":"General Knowledge","type":"multiple","difficulty":"hard","question":"Which of the following  British Monarchs never appeared on a circulated pound sterling coin?","correct_answer":"Edward VIII","incorrect_answers":["Victoria","George VI","Charles II"]},{"category":"General Knowledge","type":"multiple","difficulty":"hard","question":"In &quot;Resident Evil 3&quot;, how many inventory slots does Jill have at the start of the game?","correct_answer":"10","incorrect_answers":["6","8","12"]}]}