{"response_code":0,"results":[{"category":"General Knowledge","type":"multiple","difficulty":"easy","question":"What was the name of the WWF professional wrestling tag team made up of the wrestlers Ax and Smash?","correct_answer":"Demolition","incorrect_answers":["The Dream Team","The Bushwhackers","The British Bulldogs"]},{"category":"General Knowledge","type":"multiple","difficulty":"easy","question":"What is the first book of the Old Testament?","correct_answer":"Genesis","incorrect_answers":["Exodus","Leviticus","Numbers"]},{"category":"General Knowledge","type":"multiple","difficulty":"easy","question":"In the video-game franchise Kingdom Hearts, the main protagonist, carries a weapon with what shape?","correct_answer":"Key","incorrect_answers":["Sword","Pen","Cellphone"]},{"category":"General Knowledge","type":"multiple","difficulty":"easy","question":"What does a funambulist walk on?","correct_answer":"A Tight Rope","incorrect_answers":["Broken Glass","Balls","The Moon"]},{"category":"General Knowledge","type":"multiple","difficulty":"easy","question":"In past times, what would a gentleman keep in his fob pocket?","correct_answer":"Watch","incorrect_answers":["Money","Keys","Notebook"]},{"category":"General Knowledge","type":"boolean","difficulty":"easy","question":"Video streaming website YouTube was purchased in it&#039;s entirety by Facebook for US$1.65 billion in stock.","correct_answer":"False","incorrect_answers":["True"]},{"category":"General Knowledge","type":"multiple","difficulty":"easy","question":"Area 51 is located in which US state?","correct_answer":"Nevada","incorrect_answers":["Arizona","New Mexico","Utah"]},{"category":"General Knowledge","type":"multiple","difficulty":"easy","question":"How would one say goodbye in Spanish?","correct_answer":"Adi&oacute;s","incorrect_answers":[" Hola","Au Revoir","Salir"]},{"category":"General Knowledge","type":"multiple","difficulty":"easy","question":"Which sign of the zodiac is represented by the Crab?","correct_answer":"Cancer","incorrect_answers":["Libra","Virgo","Sagittarius"]},{"category":"General Knowledge","type":"multiple","difficulty":"easy","question":"On a dartboard, what number is directly opposite No. 1?","correct_answer":"19","incorrect_answers":["20","12","15"]},{"category":"General Knowledge","type":"multiple","difficulty":"easy","question":"What alcoholic drink is made from molasses?","correct_answer":"Rum","incorrect_answers":["Gin","Vodka","Whisky"]},{"category":"General Knowledge","type":"multiple","difficulty":"easy","question":"Which American president appears on a one dollar bill?","correct_answer":"George Washington","incorrect_answers":["Thomas Jefferson","Abraham Lincoln","Benjamin Franklin"]},{"category":"General Knowledge","type":"multiple","difficulty":"easy","question":"What is the shape of the toy invented by Hungarian professor Ern\u0151 Rubik?","correct_answer":"Cube","incorrect_answers":["Sphere","Cylinder","Pyramid"]},{"category":"General Knowledge","type":"multiple","difficulty":"easy","question":"Which one of the following rhythm games was made by Harmonix?","correct_answer":"Rock Band","incorrect_answers":["Meat Beat Mania","Guitar Hero Live","Dance Dance Revolution"]},{"category":"General Knowledge","type":"boolean","difficulty":"easy","question":"Nutella is produced by the German company Ferrero.","correct_answer":"False","incorrect_answers":["True"]},{"category":"General Knowledge","type":"multiple","difficulty":"easy","question":"Red Vines is a brand of what type of candy?","correct_answer":"Licorice","incorrect_answers":["Lollipop","Chocolate","Bubblegum"]},{"category":"General Knowledge","type":"multiple","difficulty":"easy","question":"What was the nickname given to the Hughes H-4 Hercules, a heavy transport flying boat which achieved flight in 1947?","correct_answer":"Spruce Goose","incorrect_answers":["Noah&#039;s Ark","Fat Man","Trojan Horse"]},{"category":"General Knowledge","type":"multiple","difficulty":"easy","question":"Which of these colours is NOT featured in the logo for Google?","correct_answer":"Pink","incorrect_answers":["Yellow","Blue","Green"]},{"category":"General Knowledge","type":"multiple","difficulty":"easy","question":"What is the French word for &quot;hat&quot;?","correct_answer":"Chapeau","incorrect_answers":["Bonnet"," &Eacute;charpe"," Casque"]},{"category":"General Knowledge","type":"boolean","difficulty":"easy","question":"&quot;Ananas&quot; is mostly used as the word for Pineapple in other languages.","correct_answer":"True","incorrect_answers":["False"]},{"category":"General Knowledge","type":"boolean","difficulty":"easy","question":"The color orange is named after the fruit.","correct_answer":"True","incorrect_answers":["False"]},{"category":"General Knowledge","type":"multiple","difficulty":"easy","question":"Five dollars is worth how many nickles?","correct_answer":"100","incorrect_answers":["50","25","69"]},{"category":"General Knowledge","type":"multiple","difficulty":"easy","question":"Who is depicted on the US hundred dollar bill?","correct_answer":"Benjamin Franklin","incorrect_answers":["George Washington","Abraham Lincoln","Thomas Jefferson"]},{"category":"General Knowledge","type":"boolean","difficulty":"easy","question":"Pluto is a planet.","correct_answer":"False","incorrect_answers":["True"]},{"category":"General Knowledge","type":"boolean","difficulty":"easy","question":"Adolf Hitler was born in Australia. ","correct_answer":"False","incorrect_answers":["True"]},{"category":"General Knowledge","type":"multiple","difficulty":"easy","question":"According to Sherlock Holmes, &quot;If you eliminate the impossible, whatever remains, however improbable, must be the...&quot;","correct_answer":"Truth","incorrect_answers":["Answer","Cause","Source"]},{"category":"General Knowledge","type":"multiple","difficulty":"easy","question":"What do the letters of the fast food chain KFC stand for?","correct_answer":"Kentucky Fried Chicken","incorrect_answers":["Kentucky Fresh Cheese","Kibbled Freaky Cow","Kiwi Food Cut"]},{"category":"General Knowledge","type":"multiple","difficulty":"easy","question":"Which restaurant&#039;s mascot is a clown?","correct_answer":"McDonald&#039;s","incorrect_answers":["Whataburger","Burger King","Sonic"]},{"category":"General Knowledge","type":"multiple","difficulty":"easy","question":"How tall is the Burj Khalifa?","correct_answer":"2,722 ft","incorrect_answers":["2,717 ft","2,546 ft","3,024 ft"]},{"category":"General Knowledge","type":"boolean","difficulty":"easy","question":"&quot;27 Club&quot; is a term used to refer to a list of famous actors, musicians, and artists who died at the age of 27.","correct_answer":"True","incorrect_answers":["False"]},{"category":"General Knowledge","type":"boolean","difficulty":"easy","question":"Scotland voted to become an independent country during the referendum from September 2014.","correct_answer":"False","incorrect_answers":["True"]},{"category":"General Knowledge","type":"multiple","difficulty":"easy","question":"Which sign of the zodiac comes between Virgo and Scorpio?","correct_answer":"Libra","incorrect_answers":["Gemini","Taurus","Capricorn"]},{"category":"General Knowledge","type":"multiple","difficulty":"easy","question":"What company developed the vocaloid Hatsune Miku?","correct_answer":"Crypton Future Media","incorrect_answers":["Sega","Sony","Yamaha Corporation"]},{"category":"General Knowledge","type":"boolean","difficulty":"easy","question":"The National Animal of Scotland is the Unicorn.","correct_answer":"True","incorrect_answers":["False"]},{"category":"General Knowledge","type":"multiple","difficulty":"easy","question":"Which candy is NOT made by Mars?","correct_answer":"Almond Joy","incorrect_answers":["M&amp;M&#039;s","Twix","Snickers"]},{"category":"General Knowledge","type":"multiple","difficulty":"easy","question":"Which of the following is the IATA code for Manchester Airport?","correct_answer":"MAN","incorrect_answers":["EGLL","LHR","EGCC"]},{"category":"General Knowledge","type":"multiple","difficulty":"easy","question":"What is the Zodiac symbol for Gemini?","correct_answer":"Twins","incorrect_answers":["Fish","Scales","Maiden"]},{"category":"General Knowledge","type":"multiple","difficulty":"easy","question":"The likeness of which president is featured on the rare $2 bill of USA currency?","correct_answer":"Thomas Jefferson","incorrect_answers":["Martin Van Buren","Ulysses Grant","John Quincy Adams"]},{"category":"General Knowledge","type":"multiple","difficulty":"easy","question":"According to the nursery rhyme, what fruit did Little Jack Horner pull out of his Christmas pie?","correct_answer":"Plum","incorrect_answers":["Apple","Peach","Pear"]},{"category":"General Knowledge","type":"boolean","difficulty":"easy","question":"A pasodoble is a type of Italian pasta sauce.","correct_answer":"False","incorrect_answers":["True"]},{"category":"General Knowledge","type":"multiple","difficulty":"easy","question":"When someone is cowardly, they are said to have what color belly?","correct_answer":"Yellow","incorrect_answers":["Green","Red","Blue"]},{"category":"General Knowledge","type":"boolean","difficulty":"easy","question":"Slovakia is a member of European Union-","correct_answer":"True","incorrect_answers":["False"]},{"category":"General Knowledge","type":"multiple","difficulty":"easy","question":"What is the closest planet to our solar system&#039;s sun?","correct_answer":"Mercury","incorrect_answers":["Mars","Jupiter","Earth"]},{"category":"General Knowledge","type":"multiple","difficulty":"easy","question":"Who is the youngest person to recieve a Nobel Prize?","correct_answer":"Malala Yousafzai","incorrect_answers":["Lawrence Bragg","Werner Heisenberg","Yasser Arafat"]},{"category":"General Knowledge","type":"multiple","difficulty":"easy","question":"Which of the following is not an Ivy League University?","correct_answer":"Stanford","incorrect_answers":["University of Pennsylvania","Harvard","Princeton"]},{"category":"General Knowledge","type":"multiple","difficulty":"easy","question":"What is the profession of Elon Musk&#039;s mom, Maye Musk?","correct_answer":"Model","incorrect_answers":["Professor","Biologist","Musician"]},{"category":"General Knowledge","type":"multiple","difficulty":"easy","question":"What is the famous Papa John&#039;s last name?","correct_answer":"Schnatter","incorrect_answers":["Chowder","Williams","ANDERSON"]},{"category":"General Knowledge","type":"multiple","difficulty":"easy","question":"Which country has the union jack in its flag?","correct_answer":"New Zealand","incorrect_answers":["South Africa","Canada","Hong Kong"]},{"category":"General Knowledge","type":"boolean","difficulty":"easy","question":"The mitochondria is the powerhouse of the cell.","correct_answer":"True","incorrect_answers":["False"]},{"category":"General Knowledge","type":"multiple","difficulty":"easy","question":"Who invented the first ever chocolate bar, in 1847?","correct_answer":"Joseph Fry","incorrect_answers":["Andrew Johnson","John Cadbury","John Tyler"]}]}