{"response_code":0,"results":[{"category":"General Knowledge","type":"multiple","difficulty":"medium","question":"According to the BBPA, what is the most common pub name in the UK?","correct_answer":"Red Lion","incorrect_answers":["Royal Oak","White Hart","King&#039;s Head"]},{"category":"General Knowledge","type":"multiple","difficulty":"medium","question":"In a standard set of playing cards, which is the only king without a moustache?","correct_answer":"Hearts","incorrect_answers":["Spades","Diamonds","Clubs"]},{"category":"General Knowledge","type":"boolean","difficulty":"medium","question":"Coca-Cola&#039;s original colour was green.","correct_answer":"False","incorrect_answers":["True"]},{"category":"General Knowledge","type":"boolean","difficulty":"medium","question":"The US emergency hotline is 911 because of the September 11th terrorist attacks.","correct_answer":"False","incorrect_answers":["True"]},{"category":"General Knowledge","type":"multiple","difficulty":"medium","question":"What does the &quot;G&quot; mean in &quot;G-Man&quot;?","correct_answer":"Government","incorrect_answers":["Going","Ghost","Geronimo"]},{"category":"General Knowledge","type":"multiple","difficulty":"medium","question":"Which language is NOT Indo-European?","correct_answer":"Hungarian","incorrect_answers":["Russian","Greek","Latvian"]},{"category":"General Knowledge","type":"multiple","difficulty":"medium","question":"Which essential condiment is also known as Japanese horseradish?","correct_answer":"Wasabi ","incorrect_answers":["Mentsuyu","Karashi","Ponzu"]},{"category":"General Knowledge","type":"boolean","difficulty":"medium","question":"The sum of all the numbers on a roulette wheel is 666.","correct_answer":"True","incorrect_answers":["False"]},{"category":"General Knowledge","type":"boolean","difficulty":"medium","question":"Furby was released in 1998.","correct_answer":"True","incorrect_answers":["False"]},{"category":"General Knowledge","type":"boolean","difficulty":"medium","question":"There are 86400 seconds in a day.","correct_answer":"True","incorrect_answers":["False"]},{"category":"General Knowledge","type":"multiple","difficulty":"medium","question":"Who is a co-founder of music streaming service Spotify?","correct_answer":"Daniel Ek","incorrect_answers":["Sean Parker","Felix Miller","Michael Breidenbruecker"]},{"category":"General Knowledge","type":"boolean","difficulty":"medium","question":"Cucumbers are usually more than 90% water.","correct_answer":"True","incorrect_answers":["False"]},{"category":"General Knowledge","type":"multiple","difficulty":"medium","question":"Which of the following buildings is example of a structure primarily built in the Art Deco architectural style?","correct_answer":"Niagara Mohawk Building","incorrect_answers":["Taipei 101","One Detroit Center","Westendstrasse 1"]},{"category":"General Knowledge","type":"multiple","difficulty":"medium","question":"What is the name given to Indian food cooked over charcoal in a clay oven?","correct_answer":"Tandoori","incorrect_answers":["Biryani","Pani puri","Tiki masala"]},{"category":"General Knowledge","type":"multiple","difficulty":"medium","question":"What is the German word for &quot;spoon&quot;?","correct_answer":"L&ouml;ffel","incorrect_answers":["Gabel","Messer","Essst&auml;bchen"]},{"category":"General Knowledge","type":"multiple","difficulty":"medium","question":"What is the romanized Japanese word for &quot;university&quot;?","correct_answer":"Daigaku","incorrect_answers":["Toshokan","Jimusho","Shokudou"]},{"category":"General Knowledge","type":"multiple","difficulty":"medium","question":"What is the Italian word for &quot;tomato&quot;?","correct_answer":"Pomodoro","incorrect_answers":["Aglio","Cipolla","Peperoncino"]},{"category":"General Knowledge","type":"multiple","difficulty":"medium","question":"What is the name of the popular animatronic singing fish prop, singing such hits such as &quot;Don&#039;t Worry, Be Happy&quot;?","correct_answer":"Big Mouth Billy Bass","incorrect_answers":["Big Billy Bass","Singing Fish","Sardeen"]},{"category":"General Knowledge","type":"boolean","difficulty":"medium","question":"The average woman is 5 inches \/ 13 centimeters shorter than the average man.","correct_answer":"True","incorrect_answers":["False"]},{"category":"General Knowledge","type":"multiple","difficulty":"medium","question":"What country saw a world record 315 million voters turn out for elections on May 20, 1991?","correct_answer":"India","incorrect_answers":["United States of America","Soviet Union","Poland"]},{"category":"General Knowledge","type":"multiple","difficulty":"medium","question":"What is the last letter of the Greek alphabet?","correct_answer":"Omega","incorrect_answers":["Mu","Epsilon","Kappa"]},{"category":"General Knowledge","type":"multiple","difficulty":"medium","question":"What character was once considered to be the 27th letter of the alphabet?","correct_answer":"Ampersand","incorrect_answers":["Interrobang","Tilde","Pilcrow"]},{"category":"General Knowledge","type":"multiple","difficulty":"medium","question":"When was Nintendo founded?","correct_answer":"September 23rd, 1889","incorrect_answers":["October 19th, 1891","March 4th, 1887","December 27th, 1894"]},{"category":"General Knowledge","type":"boolean","difficulty":"medium","question":"Albert Einstein had trouble with mathematics when he was in school.","correct_answer":"False","incorrect_answers":["True"]},{"category":"General Knowledge","type":"multiple","difficulty":"medium","question":"Which of the following carbonated soft drinks were introduced first?","correct_answer":"Dr. Pepper","incorrect_answers":["Coca-Cola","Sprite","Mountain Dew"]},{"category":"General Knowledge","type":"multiple","difficulty":"medium","question":"What direction does the Statue of Liberty face?","correct_answer":"Southeast","incorrect_answers":["Southwest","Northwest","Northeast"]},{"category":"General Knowledge","type":"multiple","difficulty":"medium","question":"Which of the General Mills Corporation&#039;s monster cereals was the last to be released in the 1970&#039;s?","correct_answer":"Fruit Brute","incorrect_answers":["Count Chocula","Franken Berry","Boo-Berry"]},{"category":"General Knowledge","type":"multiple","difficulty":"medium","question":"When was Hubba Bubba first introduced?","correct_answer":"1979","incorrect_answers":["1984","1972","1980"]},{"category":"General Knowledge","type":"multiple","difficulty":"medium","question":"What was the soft drink Pepsi originally introduced as?","correct_answer":"Brad&#039;s Drink","incorrect_answers":["Pepsin Pop","Carolina Cola","Pepsin Syrup"]},{"category":"General Knowledge","type":"multiple","difficulty":"medium","question":"What is the Portuguese word for &quot;Brazil&quot;?","correct_answer":"Brasil","incorrect_answers":["Brazil","Brasilia","Bras&iacute;l"]},{"category":"General Knowledge","type":"multiple","difficulty":"medium","question":"Where does water from Poland Spring water bottles come from?","correct_answer":"Maine, United States","incorrect_answers":["Hesse, Germany","Masovia, Poland","Bavaria, Poland"]},{"category":"General Knowledge","type":"multiple","difficulty":"medium","question":"Who invented Pastafarianism?","correct_answer":"Bobby Henderson","incorrect_answers":["Eric Tignor","Bill Nye","Zach Soldi"]},{"category":"General Knowledge","type":"multiple","difficulty":"medium","question":"In a 1994 CBS interview, Microsoft co-founder Bill Gates performed what unusual trick on camera?","correct_answer":"Jumping over an office chair","incorrect_answers":["Jumping backwards over a desk","Standing on his head","Typing on a keyboard during a handstand"]},{"category":"General Knowledge","type":"multiple","difficulty":"medium","question":"Computer manufacturer Compaq was acquired for $25 billion dollars in 2002 by which company?","correct_answer":"Hewlett-Packard","incorrect_answers":["Toshiba","Asus","Dell"]},{"category":"General Knowledge","type":"multiple","difficulty":"medium","question":"What was the original name of the search engine &quot;Google&quot;?","correct_answer":"BackRub","incorrect_answers":["CatMassage","SearchPro","Netscape Navigator"]},{"category":"General Knowledge","type":"boolean","difficulty":"medium","question":"The scientific name for the Southern Lights is Aurora Australis?","correct_answer":"True","incorrect_answers":["False"]},{"category":"General Knowledge","type":"multiple","difficulty":"medium","question":"The website &quot;Shut Up &amp; Sit Down&quot; reviews which form of media?","correct_answer":"Board Games","incorrect_answers":["Television Shows","Video Games","Films"]},{"category":"General Knowledge","type":"multiple","difficulty":"medium","question":"Whose greyscale face is on the kappa emoticon on Twitch?","correct_answer":"Josh DeSeno","incorrect_answers":["Justin DeSeno","John DeSeno","Jimmy DeSeno"]},{"category":"General Knowledge","type":"boolean","difficulty":"medium","question":"Haggis is traditionally ate on Burns Night.","correct_answer":"True","incorrect_answers":["False"]},{"category":"General Knowledge","type":"multiple","difficulty":"medium","question":"What is the star sign of someone born on Valentines day?","correct_answer":"Aquarius","incorrect_answers":["Pisces","Capricorn","Scorpio"]},{"category":"General Knowledge","type":"boolean","difficulty":"medium","question":"Francis Bacon died from a fatal case of pneumonia while he was attempting to preserve meat by stuffing a chicken with snow.","correct_answer":"True","incorrect_answers":["False"]},{"category":"General Knowledge","type":"multiple","difficulty":"medium","question":"What was the name given to Japanese military dictators who ruled the country through the 12th and 19th Century?","correct_answer":"Shogun","incorrect_answers":["Ninja","Samurai","Shinobi"]},{"category":"General Knowledge","type":"multiple","difficulty":"medium","question":"Which American manufactured submachine gun was informally known by the American soldiers that used it as &quot;Grease Gun&quot;?","correct_answer":"M3","incorrect_answers":["Colt 9mm","Thompson","MAC-10"]},{"category":"General Knowledge","type":"multiple","difficulty":"medium","question":"What is the highest number of Michelin stars a restaurant can receive?","correct_answer":"Three","incorrect_answers":["Four","Five","Six"]},{"category":"General Knowledge","type":"multiple","difficulty":"medium","question":"The Mexican Beer &quot;Corona&quot; is what type of beer?","correct_answer":"Pale Lager","incorrect_answers":["India Pale Ale","Pilfsner","Baltic Porter"]},{"category":"General Knowledge","type":"multiple","difficulty":"medium","question":"Which logical fallacy means to attack the character of your opponent rather than their arguments?","correct_answer":"Ad hominem","incorrect_answers":["Post hoc ergo propter hoc","Tu quoque","Argumentum ad populum"]},{"category":"General Knowledge","type":"multiple","difficulty":"medium","question":"What fast food chain has the most locations globally? ","correct_answer":"Subway","incorrect_answers":["Starbucks","McDonalds","KFC"]}]}