{"response_code":0,"results":[{"category":"Entertainment: Comics","type":"multiple","difficulty":"medium","question":"In Marvel Comics, Taurus is the founder and leader of which criminal organization?","correct_answer":"Zodiac","incorrect_answers":["Scorpio","Tiger Mafia","The Union"]},{"category":"Entertainment: Comics","type":"multiple","difficulty":"medium","question":"What&#039;s the name of Batman&#039;s parents?","correct_answer":"Thomas &amp; Martha","incorrect_answers":["Joey &amp; Jackie","Jason &amp; Sarah","Todd &amp; Mira"]},{"category":"Entertainment: Comics","type":"multiple","difficulty":"medium","question":"What was the name of the first Robin in the Batman comics?","correct_answer":"Dick Grayson","incorrect_answers":["Bruce Wayne","Jason Todd","Tim Drake"]},{"category":"Entertainment: Comics","type":"multiple","difficulty":"medium","question":"What is the name of the comic about a young boy, and a tiger who is actually a stuffed animal?","correct_answer":"Calvin and Hobbes","incorrect_answers":["Winnie the Pooh","Albert and Pogo","Peanuts"]},{"category":"Entertainment: Comics","type":"multiple","difficulty":"medium","question":"What is the name of the main character in the webcomic Gunnerkrigg Court by Tom Siddell?","correct_answer":"Antimony","incorrect_answers":["Bismuth","Mercury","Cobalt"]},{"category":"Entertainment: Comics","type":"boolean","difficulty":"medium","question":"In the webcomic Homestuck, the first character introduced is Dave Strider.","correct_answer":"False","incorrect_answers":["True"]},{"category":"Entertainment: Comics","type":"multiple","difficulty":"medium","question":"Which of the following superheros did Wonder Woman NOT have a love interest in?","correct_answer":"Green Arrow","incorrect_answers":["Superman","Batman","Steve Trevor"]},{"category":"Entertainment: Comics","type":"multiple","difficulty":"medium","question":"In Pre-Super Genesis universe of &quot;Sonic the Hedgehog&quot; comic, what was the name of  Sally Acorn&#039;s brother?","correct_answer":"Elias Acorn","incorrect_answers":["Maximillian Acorn","Alexis Acorn","Frederick Acorn"]},{"category":"Entertainment: Comics","type":"multiple","difficulty":"medium","question":"Which issue of the &quot;Sonic the Hedgehog&quot; comic did Scourge the Hedgehog make his first appearance?","correct_answer":"Sonic the Hedgehog #11","incorrect_answers":["Sonic Universe #32","Sonic the Hedgehog #161","Sonic the Hedgehog #47"]},{"category":"Entertainment: Comics","type":"multiple","difficulty":"medium","question":"In &quot;Sonic the Hedgehog&quot; comic, who was the creator of Roboticizer? ","correct_answer":"Professor Charles the Hedgehog","incorrect_answers":["Julian Robotnik","Ivo Robotnik","Snively Robotnik"]},{"category":"Entertainment: Comics","type":"multiple","difficulty":"medium","question":"Who wrote the Batman comic series &quot;The Killing Joke&quot;?","correct_answer":"Alan Moore","incorrect_answers":["Bill Finger","Frank Miller","Jerry Siegel"]},{"category":"Entertainment: Comics","type":"multiple","difficulty":"medium","question":"Who authored The Adventures of Tintin?","correct_answer":"Herg&eacute;","incorrect_answers":["E.P. Jacobs","Rin Tin Tin","Chic Young"]},{"category":"Entertainment: Comics","type":"multiple","difficulty":"medium","question":"What is the designation given to the Marvel Cinematic Universe?","correct_answer":"Earth-199999","incorrect_answers":["Earth-616","Earth-10005","Earth-2008"]},{"category":"Entertainment: Comics","type":"multiple","difficulty":"medium","question":"Who created Ultron of Earth-616?","correct_answer":"Henry Pym","incorrect_answers":["Amadeus Cho","Tony Stark","Reed Richards"]},{"category":"Entertainment: Comics","type":"multiple","difficulty":"medium","question":"In the comics, which Sonic character took command of the Dark Legion after Luger&#039;s assassination?","correct_answer":"Lien-Da","incorrect_answers":["Kragok","Dimitri","Remington"]},{"category":"Entertainment: Comics","type":"multiple","difficulty":"medium","question":"Which &quot;Green Arrow&quot; sidekick commonly wears a baseball cap?","correct_answer":"Roy Harper","incorrect_answers":["Black Canary","Emiko Queen","Dick Grayson"]},{"category":"Entertainment: Comics","type":"multiple","difficulty":"medium","question":"Which Batman sidekick is the son of Talia al Ghul?","correct_answer":"Damian Wayne","incorrect_answers":["Dick Grayson","Tim Drake","Jason Todd"]},{"category":"Entertainment: Comics","type":"multiple","difficulty":"medium","question":"In the DC Comics 2016 reboot, Rebirth, which speedster escaped from the Speed Force after he had been erased from existance?","correct_answer":"Wally West","incorrect_answers":["Johnny Quick","Jay Garrick","Eobard Thawne"]},{"category":"Entertainment: Comics","type":"multiple","difficulty":"medium","question":"In Calvin and Hobbes, what is the name of the babysitter&#039;s boyfriend?","correct_answer":"Charlie","incorrect_answers":["Dave","Charles","Nathaniel"]},{"category":"Entertainment: Comics","type":"multiple","difficulty":"medium","question":"The stuffed tiger in Calvin and Hobbes is named after what philosopher?","correct_answer":"Thomas Hobbes","incorrect_answers":["David Hobbes","John Hobbes","Nathaniel Hobbes"]},{"category":"Entertainment: Comics","type":"multiple","difficulty":"medium","question":"In Calvin and Hobbes, what is the name of Susie&#039;s stuffed rabbit?","correct_answer":"Mr. Bun","incorrect_answers":["Mr. Bunbun","Mr. Rabbit","Mr. Hoppy"]},{"category":"Entertainment: Comics","type":"multiple","difficulty":"medium","question":"In Calvin and Hobbes, what is the name of the principal at Calvin&#039;s school?","correct_answer":"Mr. Spittle","incorrect_answers":["Mr. Boreman","Mr. Spitling","Mr. Moe"]},{"category":"Entertainment: Comics","type":"multiple","difficulty":"medium","question":"Who was the inspiration for Cuthbert Calculus in the Tintin series?","correct_answer":"Auguste Picard","incorrect_answers":["Jacques Piccard","Will Morris","J. Cecil Maby"]},{"category":"Entertainment: Comics","type":"multiple","difficulty":"medium","question":"What is the real name of the &quot;Master Of Magnetism&quot; Magneto?","correct_answer":"Max Eisenhardt","incorrect_answers":["Charles Xavier","Pietro Maximoff","Johann Schmidt"]},{"category":"Entertainment: Comics","type":"multiple","difficulty":"medium","question":"In Bionicle, who was formerly a Av-Matoran and is now the Toa of Light?","correct_answer":"Takua","incorrect_answers":["Jaller","Vakama","Tahu"]},{"category":"Entertainment: Comics","type":"multiple","difficulty":"medium","question":"Found in the Marvel Comics fictional universe, what is the name of the nearly indestructible metal that coats Wolverine&#039;s bones and claws?","correct_answer":"Adamantium","incorrect_answers":["Titanium","Vibranium","Carbonadium"]},{"category":"Entertainment: Comics","type":"multiple","difficulty":"medium","question":"Who is the second person to take up the mantle of Night Owl in the Watchmen graphic novel?","correct_answer":"Daniel Dreiberg","incorrect_answers":["Nelson Gardner","Hollis Mason","Adrian Veidt"]},{"category":"Entertainment: Comics","type":"multiple","difficulty":"medium","question":"What is Homestuck character Gamzee&#039;s last name?","correct_answer":"Makara","incorrect_answers":["Makera","Makare","Makrea"]},{"category":"Entertainment: Comics","type":"multiple","difficulty":"medium","question":"In the Hellboy universe, who founded the BPRD?","correct_answer":"Trevor Bruttenholm","incorrect_answers":["Kate Corrigan","Johann Kraus","Benjamin Daimio"]},{"category":"Entertainment: Comics","type":"multiple","difficulty":"medium","question":"What is Hellboy&#039;s true name?","correct_answer":"Anung Un Rama","incorrect_answers":["Right Hand of Doom","Ogdru Jahad","Azzael"]},{"category":"Entertainment: Comics","type":"multiple","difficulty":"medium","question":"In Black Hammer, what dimension does Colonel Weird travel through?","correct_answer":"Para-Zone","incorrect_answers":["Hyperspace","Mirror Universe","Phantom Zone"]},{"category":"Entertainment: Comics","type":"multiple","difficulty":"medium","question":"Who was the first American Vampire (Scott Snyder&#039;s American Vampire)?","correct_answer":"Skinner Sweet","incorrect_answers":["Hattie Hargrove","Pearl Jones","James &quot;Jim&quot; Book"]},{"category":"Entertainment: Comics","type":"multiple","difficulty":"medium","question":"What&#039;s the weakness of american vampires (Scott Snyder&#039;s American Vampire)?","correct_answer":"Gold","incorrect_answers":["Sunlight","Wood","Silver"]}]}